season,id,name,short_name,description,home_team,away_team,toss_won,decision,1st_inning_score,2nd_inning_score,home_score,away_score,winner,result,start_date,end_date,venue_id,venue_name,home_captain,away_captain,pom,points,super_over,home_overs,home_runs,home_wickets,home_boundaries,away_overs,away_runs,away_wickets,away_boundaries,highlights,home_key_batsman,home_key_bowler,home_playx1,away_playx1,away_key_batsman,away_key_bowler,match_days,umpire1,umpire2,tv_umpire,referee,reserve_umpire
2022,1304047,Chennai Super Kings v Kolkata Knight Riders,CSK v KKR,"1st Match (N), Indian Premier League at Mumbai, Mar 26 2022",CSK,KKR,KKR,BOWL FIRST,131/5,133/4,131/5,133/4,KKR,KKR won by 6 wkts (9b rem),2022-03-26T14:00Z,2022-03-27T23:59Z,58324,"Wankhede Stadium, Mumbai",Ravindra Jadeja,Shreyas Iyer,Umesh Yadav,"Kolkata Knight Riders 2, Chennai Super Kings 0",False,20,131,5,15,18.3,133,4,15,Dhoni's fireworks not enough for Chennai Super Kings in opener. KKR's mystery spinners Narine and Chakravarthy prove unhittable; Rahane shines with the bat,"MS Dhoni,Robin Uthappa","Dwayne Bravo,Mitchell Santner","Ruturaj Gaikwad (UKN),Devon Conway (UKN),Robin Uthappa (UKN),Ambati Rayudu (UKN),Ravindra Jadeja (AR),Shivam Dube (AR),MS Dhoni (WK),Dwayne Bravo (AR),Mitchell Santner (AR),Adam Milne (BL),Tushar Deshpande (BL)","Ajinkya Rahane (UKN),Venkatesh Iyer (AR),Nitish Rana (UKN),Shreyas Iyer (UKN),Sam Billings (UKN),Sheldon Jackson (WK),Andre Russell (AR),Sunil Narine (AR),Umesh Yadav (BL),Shivam Mavi (AR),Varun Chakravarthy (BL)","Ajinkya Rahane,Sam Billings","Umesh Yadav,Varun Chakravarthy",26 March 2022 - night match (20-over match),Anil Chaudhary,Nitin Menon,Virender Sharma,Manu Nayyar,Chirra Ravikanthreddy
2022,1304048,Delhi Capitals v Mumbai Indians,DC v MI,"2nd Match (D/N), Indian Premier League at Mumbai, Mar 27 2022",DC,MI,DC,BOWL FIRST,177/5,179/6,179/6,177/5,DC,Capitals won by 4 wkts (10b rem),2022-03-27T10:00Z,2022-03-28T23:59Z,58317,"Brabourne Stadium, Mumbai",Rishabh Pant,Rohit Sharma,Kuldeep Yadav,"Delhi Capitals 2, Mumbai Indians 0",False,18.2,179,6,25,20,177,5,24,"Lalit Yadav and Axar Patel help Delhi Capitals pull off coup. Kuldeep Yadav was adjudged Player of the Match for his 3 for 18, while Ishan Kishan's 81* went in vain","Lalit Yadav,Axar Patel","Kuldeep Yadav,Khaleel Ahmed","Prithvi Shaw (UKN),Tim Seifert (UKN),Mandeep Singh (AR),Rishabh Pant (WK),Lalit Yadav (AR),Rovman Powell (UKN),Shardul Thakur (BL),Axar Patel (AR),Kuldeep Yadav (BL),Khaleel Ahmed (BL),Kamlesh Nagarkoti (BL)","Rohit Sharma (UKN),Ishan Kishan (WK),Anmolpreet Singh (UKN),Tilak Varma (AR),Kieron Pollard (AR),Tim David (UKN),Daniel Sams (AR),Murugan Ashwin (BL),Tymal Mills (BL),Jasprit Bumrah (BL),Basil Thampi (BL)","Ishan Kishan,Rohit Sharma","Basil Thampi,Murugan Ashwin",27 March 2022 - day/night match (20-over match),Saiyed Khalid,Rod Tucker,Jayaraman Madanagopal,Prakash Bhatt,Nitin Pandit
2022,1304049,Punjab Kings v Royal Challengers Bangalore,PBKS v RCB,"3rd Match (N), Indian Premier League at Navi Mumbai, Mar 27 2022",PBKS,RCB,KXIP,BOWL FIRST,205/2,208/5,208/5,205/2,PBKS,Punjab Kings won by 5 wkts (6b rem),2022-03-27T14:00Z,2022-03-28T23:59Z,343050,"Dr DY Patil Sports Academy, Navi Mumbai",Mayank Agarwal,Faf du Plessis,Odean Smith,"Punjab Kings 2, Royal Challengers Bangalore 0",False,19,208,5,25,20,205,2,22,"Odean seals the deal as Punjab Kings ace steep chase. RCB's slow start proved the difference between the sides, even if du Plessis made up for it during his 57-ball 88","Bhanuka Rajapaksa,Shikhar Dhawan","Rahul Chahar,Arshdeep Singh","Mayank Agarwal (UKN),Shikhar Dhawan (UKN),Bhanuka Rajapaksa (WK),Liam Livingstone (AR),Raj Bawa (AR),M Shahrukh Khan (UKN),Odean Smith (AR),Harpreet Brar (BL),Arshdeep Singh (BL),Sandeep Sharma (BL),Rahul Chahar (BL)","Faf du Plessis (UKN),Anuj Rawat (UKN),Virat Kohli (UKN),Dinesh Karthik (WK),Sherfane Rutherford (UKN),David Willey (AR),Shahbaz Ahmed (AR),Wanindu Hasaranga de Silva (AR),Harshal Patel (BL),Mohammed Siraj (BL),Akash Deep (AR)","Faf du Plessis,Virat Kohli","Mohammed Siraj,Harshal Patel",27 March 2022 - night match (20-over match),Yeshwant Barde,Nitin Menon,Anil Chaudhary,Manu Nayyar,Rohan Pandit
2022,1304050,Gujarat Titans v Lucknow Super Giants,GT v LSG,"4th Match (N), Indian Premier League at Mumbai, Mar 28 2022",GT,LSG,GT,BOWL FIRST,158/6,161/5,161/5,158/6,GT,Titans won by 5 wkts (2b rem),2022-03-28T14:00Z,2022-03-29T23:59Z,58324,"Wankhede Stadium, Mumbai",Hardik Pandya,KL Rahul,Mohammed Shami,"Gujarat Titans 2, Lucknow Super Giants 0",False,19.4,161,5,23,20,158,6,22,Shami and Tewatia star as Gujarat Titans win battle of new teams. Eye-catching batting displays from IPL debutants Ayush Badoni and Abhinav Manohar also lit up a tense match at the Wankhede,"Rahul Tewatia,Hardik Pandya","Mohammed Shami,Varun Aaron","Shubman Gill (UKN),Matthew Wade (WK),Vijay Shankar (AR),Hardik Pandya (AR),David Miller (UKN),Rahul Tewatia (AR),Abhinav Manohar (AR),Rashid Khan (BL),Lockie Ferguson (BL),Mohammed Shami (BL),Varun Aaron (BL)","KL Rahul (UKN),Quinton de Kock (WK),Evin Lewis (UKN),Manish Pandey (UKN),Deepak Hooda (AR),Ayush Badoni (UKN),Krunal Pandya (AR),Dushmantha Chameera (BL),Mohsin Khan (BL),Ravi Bishnoi (BL),Avesh Khan (BL)","Deepak Hooda,Ayush Badoni","Dushmantha Chameera,Krunal Pandya",28 March 2022 - night match (20-over match),Pashchim Pathak,Virender Sharma,Rod Tucker,Daniel Manohar,Sadashiv Iyer
2022,1304051,Sunrisers Hyderabad v Rajasthan Royals,SRH v RR,"5th Match (N), Indian Premier League at Pune, Mar 29 2022",SRH,RR,SRH,BOWL FIRST,210/6,149/7,149/7,210/6,RR,Royals won by 61 runs,2022-03-29T14:00Z,2022-03-30T23:59Z,545380,"Maharashtra Cricket Association Stadium, Pune",Kane Williamson,Sanju Samson,Sanju Samson,"Rajasthan Royals 2, Sunrisers Hyderabad 0",False,20,149,7,17,20,210,6,30,"Samson, Padikkal, Hetmyer sound Royals warning. Become the first team to defend a total in IPL 2022 with Krishna's new-ball burst swamping Sunrisers","Aiden Markram,Washington Sundar","Umran Malik,T Natarajan","Kane Williamson (UKN),Abhishek Sharma (AR),Rahul Tripathi (UKN),Nicholas Pooran (WK),Aiden Markram (UKN),Abdul Samad (UKN),Romario Shepherd (AR),Washington Sundar (AR),Bhuvneshwar Kumar (BL),Umran Malik (BL),T Natarajan (BL)","Jos Buttler (UKN),Yashasvi Jaiswal (UKN),Sanju Samson (WK),Devdutt Padikkal (UKN),Shimron Hetmyer (UKN),Riyan Parag (UKN),Nathan Coulter-Nile (AR),Ravichandran Ashwin (AR),Yuzvendra Chahal (BL),Trent Boult (BL),Prasidh Krishna (BL)","Sanju Samson,Devdutt Padikkal","Yuzvendra Chahal,Prasidh Krishna",29 March 2022 - night match (20-over match),Ulhas Gandhe,Bruce Oxenford,KN Ananthapadmanabhan,Shakti Singh,Saidharshan Kumar
2022,1304052,Royal Challengers Bangalore v Kolkata Knight Riders,RCB v KKR,"6th Match (N), Indian Premier League at Navi Mumbai, Mar 30 2022",RCB,KKR,RCB,BOWL FIRST,128,132/7,132/7,128,RCB,RCB won by 3 wkts (4b rem),2022-03-30T14:00Z,2022-03-31T23:59Z,343050,"Dr DY Patil Sports Academy, Navi Mumbai",Faf du Plessis,Shreyas Iyer,Wanindu Hasaranga de Silva,"Royal Challengers Bangalore 2, Kolkata Knight Riders 0",False,19.2,132,7,16,18.5,128,10,18,"Harshal Patel and Dinesh Karthik help Royal Challengers survive a scare. Kolkata Knight Riders' bowlers fought really hard to defend 128, but it was not to be","Sherfane Rutherford,Shahbaz Ahmed","Wanindu Hasaranga de Silva,Akash Deep","Faf du Plessis (UKN),Anuj Rawat (UKN),Virat Kohli (UKN),David Willey (AR),Sherfane Rutherford (UKN),Shahbaz Ahmed (AR),Dinesh Karthik (WK),Wanindu Hasaranga de Silva (AR),Harshal Patel (BL),Mohammed Siraj (BL),Akash Deep (AR)","Ajinkya Rahane (UKN),Venkatesh Iyer (AR),Shreyas Iyer (UKN),Nitish Rana (UKN),Sunil Narine (AR),Sam Billings (UKN),Sheldon Jackson (WK),Andre Russell (AR),Tim Southee (BL),Umesh Yadav (BL),Varun Chakravarthy (BL)","Andre Russell,Umesh Yadav","Tim Southee,Umesh Yadav",30 March 2022 - night match (20-over match),Jayaraman Madanagopal,Navdeep Singh,Nitin Menon,Manu Nayyar,Chirra Ravikanthreddy
2022,1304053,Lucknow Super Giants v Chennai Super Kings,LSG v CSK,"7th Match (N), Indian Premier League at Mumbai, Mar 31 2022",LSG,CSK,LSG,BOWL FIRST,210/7,211/4,211/4,210/7,LSG,Super Giants won by 6 wkts (3b rem),2022-03-31T14:00Z,2022-04-01T23:59Z,58317,"Brabourne Stadium, Mumbai",KL Rahul,Ravindra Jadeja,Evin Lewis,"Lucknow Super Giants 2, Chennai Super Kings 0",False,19.3,211,4,27,20,210,7,32,"Evin Lewis, Quinton de Kock help Super Giants hunt down 211 for first win. Second straight loss for defending champions CSK as Super Giants steal it at the close","Quinton de Kock,Evin Lewis","Ravi Bishnoi,Avesh Khan","KL Rahul (UKN),Quinton de Kock (WK),Manish Pandey (UKN),Evin Lewis (UKN),Deepak Hooda (AR),Ayush Badoni (UKN),Krunal Pandya (AR),Dushmantha Chameera (BL),Andrew Tye (BL),Ravi Bishnoi (BL),Avesh Khan (BL)","Robin Uthappa (UKN),Ruturaj Gaikwad (UKN),Moeen Ali (AR),Shivam Dube (AR),Ambati Rayudu (UKN),Ravindra Jadeja (AR),MS Dhoni (WK),Dwaine Pretorius (AR),Dwayne Bravo (AR),Tushar Deshpande (BL),Mukesh Choudhary (BL)","Robin Uthappa,Shivam Dube","Dwaine Pretorius,Dwayne Bravo",31 March 2022 - night match (20-over match),Virender Sharma,Rod Tucker,Yeshwant Barde,Javagal Srinath,Nikhil Patwardhan
2022,1304054,Kolkata Knight Riders v Punjab Kings,KKR v PBKS,"8th Match (N), Indian Premier League at Mumbai, Apr 1 2022",KKR,PBKS,KKR,BOWL FIRST,137,141/4,141/4,137,KKR,KKR won by 6 wkts (33b rem),2022-04-01T14:00Z,2022-04-02T23:59Z,58324,"Wankhede Stadium, Mumbai",Shreyas Iyer,Mayank Agarwal,Umesh Yadav,"Kolkata Knight Riders 2, Punjab Kings 0",False,14.3,141,4,20,18.2,137,10,19,"Russell's 70 off 31 helps Knight Riders brush aside Kings. After Umesh's four-for restricted Kings, Russell came to the rescue in a shaky chase to lift KKR to the top of the table","Andre Russell,Shreyas Iyer","Umesh Yadav,Tim Southee","Ajinkya Rahane (UKN),Venkatesh Iyer (AR),Shreyas Iyer (UKN),Sam Billings (WK),Nitish Rana (UKN),Andre Russell (AR),Sunil Narine (AR),Tim Southee (BL),Umesh Yadav (BL),Varun Chakravarthy (BL),Shivam Mavi (AR)","Mayank Agarwal (UKN),Shikhar Dhawan (UKN),Bhanuka Rajapaksa (WK),Liam Livingstone (AR),Raj Bawa (AR),M Shahrukh Khan (UKN),Harpreet Brar (BL),Odean Smith (AR),Rahul Chahar (BL),Kagiso Rabada (BL),Arshdeep Singh (BL)","Bhanuka Rajapaksa,Kagiso Rabada","Rahul Chahar,Kagiso Rabada",1 April 2022 - night match (20-over match),Anil Chaudhary,Saiyed Khalid,Jayaraman Madanagopal,Prakash Bhatt,Akshay Totre
2022,1304055,Mumbai Indians v Rajasthan Royals,MI v RR,"9th Match (D/N), Indian Premier League at Navi Mumbai, Apr 2 2022",MI,RR,MI,BOWL FIRST,193/8,170/8,170/8,193/8,RR,Royals won by 23 runs,2022-04-02T10:00Z,2022-04-03T23:59Z,343050,"Dr DY Patil Sports Academy, Navi Mumbai",Rohit Sharma,Sanju Samson,Jos Buttler,"Rajasthan Royals 2, Mumbai Indians 0",False,20,170,8,21,20,193,8,28,"Buttler ton, Chahal-Ashwin spin strangle take Royals over the line. Ishan Kishan and Tilak Varma half-centuries kept Mumbai in the game, but a poor spell against the spinners made them fall well short in the end","Tilak Varma,Ishan Kishan","Jasprit Bumrah,Tymal Mills","Ishan Kishan (WK),Rohit Sharma (UKN),Anmolpreet Singh (UKN),Tilak Varma (AR),Kieron Pollard (AR),Tim David (UKN),Daniel Sams (AR),Murugan Ashwin (BL),Jasprit Bumrah (BL),Tymal Mills (BL),Basil Thampi (BL)","Jos Buttler (UKN),Yashasvi Jaiswal (UKN),Devdutt Padikkal (UKN),Sanju Samson (WK),Shimron Hetmyer (UKN),Riyan Parag (UKN),Ravichandran Ashwin (AR),Navdeep Saini (BL),Trent Boult (BL),Yuzvendra Chahal (BL),Prasidh Krishna (BL)","Jos Buttler,Shimron Hetmyer","Yuzvendra Chahal,Navdeep Saini",2 April 2022 - day/night match (20-over match),Nitin Menon,Pashchim Pathak,Virender Sharma,Daniel Manohar,Nitin Pandit
2022,1304056,Gujarat Titans v Delhi Capitals,GT v DC,"10th Match (N), Indian Premier League at Pune, Apr 2 2022",GT,DC,DC,BOWL FIRST,171/6,157/9,171/6,157/9,GT,Titans won by 14 runs,2022-04-02T14:00Z,2022-04-03T23:59Z,545380,"Maharashtra Cricket Association Stadium, Pune",Hardik Pandya,Rishabh Pant,Lockie Ferguson,"Gujarat Titans 2, Delhi Capitals 0",False,20,171,6,19,20,157,9,21,"Gill and Ferguson make it two in two for Gujarat Titans. Delhi Capitals seemed in control, but two double-wicket overs from the New Zealand quick dismantled their chase","Shubman Gill,Hardik Pandya","Lockie Ferguson,Mohammed Shami","Matthew Wade (WK),Shubman Gill (UKN),Vijay Shankar (AR),Hardik Pandya (AR),David Miller (UKN),Rahul Tewatia (AR),Abhinav Manohar (AR),Rashid Khan (BL),Varun Aaron (BL),Lockie Ferguson (BL),Mohammed Shami (BL)","Prithvi Shaw (UKN),Tim Seifert (UKN),Mandeep Singh (AR),Rishabh Pant (WK),Lalit Yadav (AR),Rovman Powell (UKN),Axar Patel (AR),Shardul Thakur (BL),Kuldeep Yadav (BL),Khaleel Ahmed (BL),Mustafizur Rahman (BL)","Rishabh Pant,Lalit Yadav","Mustafizur Rahman,Khaleel Ahmed",2 April 2022 - night match (20-over match),KN Ananthapadmanabhan,Ulhas Gandhe,Bruce Oxenford,Shakti Singh,Vinod Seshan
2022,1304057,Chennai Super Kings v Punjab Kings,CSK v PBKS,"11th Match (N), Indian Premier League at Mumbai, Apr 3 2022",CSK,PBKS,CSK,BOWL FIRST,180/8,126,126,180/8,PBKS,Punjab Kings won by 54 runs,2022-04-03T14:00Z,2022-04-04T23:59Z,58317,"Brabourne Stadium, Mumbai",Ravindra Jadeja,Mayank Agarwal,Liam Livingstone,"Punjab Kings 2, Chennai Super Kings 0",False,18,126,10,16,20,180,8,23,"All-round Livingstone consigns CSK to third straight loss. Allrounder's 60 lifted Punjab Kings to 180, and Super Kings fell apart in the chase","Shivam Dube,MS Dhoni","Chris Jordan,Dwaine Pretorius","Robin Uthappa (UKN),Ruturaj Gaikwad (UKN),Moeen Ali (AR),Ambati Rayudu (UKN),Ravindra Jadeja (AR),Shivam Dube (AR),MS Dhoni (WK),Dwayne Bravo (AR),Dwaine Pretorius (AR),Chris Jordan (BL),Mukesh Choudhary (BL)","Mayank Agarwal (UKN),Shikhar Dhawan (UKN),Bhanuka Rajapaksa (UKN),Liam Livingstone (AR),Jitesh Sharma (WK),M Shahrukh Khan (UKN),Odean Smith (AR),Kagiso Rabada (BL),Rahul Chahar (BL),Vaibhav Arora (BL),Arshdeep Singh (BL)","Liam Livingstone,Shikhar Dhawan","Rahul Chahar,Vaibhav Arora",3 April 2022 - night match (20-over match),Yeshwant Barde,Rod Tucker,Anil Chaudhary,Javagal Srinath,Rohan Pandit
2022,1304058,Sunrisers Hyderabad v Lucknow Super Giants,SRH v LSG,"12th Match (N), Indian Premier League at Navi Mumbai, Apr 4 2022",SRH,LSG,SRH,BOWL FIRST,169/7,157/9,157/9,169/7,LSG,Super Giants won by 12 runs,2022-04-04T14:00Z,2022-04-05T23:59Z,343050,"Dr DY Patil Sports Academy, Navi Mumbai",Kane Williamson,KL Rahul,Avesh Khan,"Lucknow Super Giants 2, Sunrisers Hyderabad 0",False,20,157,9,17,20,169,7,20,"Avesh, Hooda star as Super Giants sink Sunrisers. Reduced to 27 for 3 after being sent in, Super Giants recovered to set a target of 170, and Sunrisers stumbled at the end of the chase","Rahul Tripathi,Nicholas Pooran","T Natarajan,Washington Sundar","Abhishek Sharma (AR),Kane Williamson (UKN),Rahul Tripathi (UKN),Aiden Markram (UKN),Nicholas Pooran (WK),Washington Sundar (AR),Abdul Samad (UKN),Romario Shepherd (AR),Bhuvneshwar Kumar (BL),Umran Malik (BL),T Natarajan (BL)","KL Rahul (UKN),Quinton de Kock (WK),Evin Lewis (UKN),Manish Pandey (UKN),Deepak Hooda (AR),Ayush Badoni (UKN),Krunal Pandya (AR),Jason Holder (AR),Andrew Tye (BL),Ravi Bishnoi (BL),Avesh Khan (BL)","KL Rahul,Deepak Hooda","Avesh Khan,Jason Holder",4 April 2022 - night match (20-over match),Jayaraman Madanagopal,Navdeep Singh,Virender Sharma,Manu Nayyar,None
2022,1304059,Rajasthan Royals v Royal Challengers Bangalore,RR v RCB,"13th Match (N), Indian Premier League at Mumbai, Apr 5 2022",RR,RCB,RCB,BOWL FIRST,169/3,173/6,169/3,173/6,RCB,RCB won by 4 wkts (5b rem),2022-04-05T14:00Z,2022-04-06T23:59Z,58324,"Wankhede Stadium, Mumbai",Sanju Samson,Faf du Plessis,Dinesh Karthik,"Royal Challengers Bangalore 2, Rajasthan Royals 0",False,20,169,3,17,19.1,173,6,25,"Karthik and Shahbaz inspire Royal Challengers' scrappy win. Hasaranga, Harshal and Willey also play a part in handing Royals their first defeat of IPL 2022","Jos Buttler,Shimron Hetmyer","Yuzvendra Chahal,Trent Boult","Jos Buttler (UKN),Yashasvi Jaiswal (UKN),Devdutt Padikkal (UKN),Sanju Samson (WK),Shimron Hetmyer (UKN),Riyan Parag (UKN),Ravichandran Ashwin (AR),Navdeep Saini (BL),Trent Boult (BL),Yuzvendra Chahal (BL),Prasidh Krishna (BL)","Faf du Plessis (UKN),Anuj Rawat (UKN),Virat Kohli (UKN),David Willey (AR),Sherfane Rutherford (UKN),Shahbaz Ahmed (AR),Dinesh Karthik (WK),Harshal Patel (BL),Wanindu Hasaranga de Silva (AR),Mohammed Siraj (BL),Akash Deep (AR)","Shahbaz Ahmed,Dinesh Karthik","Harshal Patel,David Willey",5 April 2022 - night match (20-over match),Anil Chaudhary,Saiyed Khalid,Nitin Menon,Javagal Srinath,Nikhil Patwardhan
2022,1304060,Kolkata Knight Riders v Mumbai Indians,KKR v MI,"14th Match (N), Indian Premier League at Pune, Apr 6 2022",KKR,MI,KKR,BOWL FIRST,161/4,162/5,162/5,161/4,KKR,KKR won by 5 wkts (24b rem),2022-04-06T14:00Z,2022-04-07T23:59Z,545380,"Maharashtra Cricket Association Stadium, Pune",Shreyas Iyer,Rohit Sharma,Pat Cummins,"Kolkata Knight Riders 2, Mumbai Indians 0",False,16,162,5,24,20,161,4,20,"Cummins' 14-ball fifty stuns Mumbai, takes Knight Riders top of the table. Daniel Sams is taken apart in 35-run over as five-time champions lose third in a row, this one with four overs to spare","Pat Cummins,Venkatesh Iyer","Pat Cummins,Umesh Yadav","Ajinkya Rahane (UKN),Venkatesh Iyer (AR),Shreyas Iyer (UKN),Sam Billings (WK),Nitish Rana (UKN),Andre Russell (AR),Pat Cummins (BL),Sunil Narine (AR),Rasikh Salam (BL),Umesh Yadav (BL),Varun Chakravarthy (BL)","Rohit Sharma (UKN),Ishan Kishan (WK),Dewald Brevis (AR),Suryakumar Yadav (UKN),Tilak Varma (AR),Kieron Pollard (AR),Daniel Sams (AR),Murugan Ashwin (BL),Tymal Mills (BL),Jasprit Bumrah (BL),Basil Thampi (BL)","Suryakumar Yadav,Tilak Varma","Murugan Ashwin,Tymal Mills",6 April 2022 - night match (20-over match),KN Ananthapadmanabhan,Bruce Oxenford,Ulhas Gandhe,Narayanan Kutty,Saidharshan Kumar
2022,1304061,Lucknow Super Giants v Delhi Capitals,LSG v DC,"15th Match (N), Indian Premier League at Navi Mumbai, Apr 7 2022",LSG,DC,LSG,BOWL FIRST,149/3,155/4,155/4,149/3,LSG,Super Giants won by 6 wkts (2b rem),2022-04-07T14:00Z,2022-04-08T23:59Z,343050,"Dr DY Patil Sports Academy, Navi Mumbai",KL Rahul,Rishabh Pant,Quinton de Kock,"Lucknow Super Giants 2, Delhi Capitals 0",False,19.4,155,4,16,20,149,3,19,Quinton de Kock aces chase after Ravi Bishnoi throttles Capitals. LSG's bowlers led a remarkable comeback after Prithvi Shaw ran away to 61 off 34 balls,"Quinton de Kock,KL Rahul","Ravi Bishnoi,Krishnappa Gowtham","KL Rahul (UKN),Quinton de Kock (WK),Evin Lewis (UKN),Deepak Hooda (AR),Krunal Pandya (AR),Ayush Badoni (UKN),Krishnappa Gowtham (AR),Jason Holder (AR),Avesh Khan (BL),Andrew Tye (BL),Ravi Bishnoi (BL)","Prithvi Shaw (UKN),David Warner (UKN),Rovman Powell (UKN),Rishabh Pant (WK),Sarfaraz Khan (UKN),Lalit Yadav (AR),Axar Patel (AR),Shardul Thakur (BL),Kuldeep Yadav (BL),Mustafizur Rahman (BL),Anrich Nortje (BL)","Prithvi Shaw,Rishabh Pant","Kuldeep Yadav,Lalit Yadav",7 April 2022 - night match (20-over match),Tapan Sharma,Rod Tucker,Jayaraman Madanagopal,Shakti Singh,Akshay Totre
2022,1304062,Punjab Kings v Gujarat Titans,PBKS v GT,"16th Match (N), Indian Premier League at Mumbai, Apr 8 2022",PBKS,GT,GT,BOWL FIRST,189/9,190/4,189/9,190/4,GT,Titans won by 6 wkts (0b rem),2022-04-08T14:00Z,2022-04-09T23:59Z,58317,"Brabourne Stadium, Mumbai",Mayank Agarwal,Hardik Pandya,Shubman Gill,"Gujarat Titans 2, Punjab Kings 0",False,20,189,9,27,20,190,4,26,"Rahul Tewatia hits 6, 6 off last two balls in spectacular finish for Gujarat Titans. Gill put the chase on track with 96 before Kings pulled it back and took the game deep","Liam Livingstone,Shikhar Dhawan","Kagiso Rabada,Rahul Chahar","Mayank Agarwal (UKN),Shikhar Dhawan (UKN),Jonny Bairstow (WK),Liam Livingstone (AR),Jitesh Sharma (UKN),Odean Smith (AR),M Shahrukh Khan (UKN),Kagiso Rabada (BL),Rahul Chahar (BL),Vaibhav Arora (BL),Arshdeep Singh (BL)","Matthew Wade (WK),Shubman Gill (UKN),Sai Sudharsan (UKN),Hardik Pandya (AR),David Miller (UKN),Rahul Tewatia (AR),Abhinav Manohar (AR),Rashid Khan (BL),Darshan Nalkande (BL),Mohammed Shami (BL),Lockie Ferguson (BL)","Shubman Gill,Sai Sudharsan","Rashid Khan,Darshan Nalkande",8 April 2022 - night match (20-over match),Anil Chaudhary,Virender Sharma,Pashchim Pathak,Javagal Srinath,Chirra Ravikanthreddy
2022,1304063,Chennai Super Kings v Sunrisers Hyderabad,CSK v SRH,"17th Match (D/N), Indian Premier League at Navi Mumbai, Apr 9 2022",CSK,SRH,SRH,BOWL FIRST,154/7,155/2,154/7,155/2,SRH,Sunrisers won by 8 wkts (14b rem),2022-04-09T10:00Z,2022-04-10T23:59Z,343050,"Dr DY Patil Sports Academy, Navi Mumbai",Ravindra Jadeja,Kane Williamson,Abhishek Sharma,"Sunrisers Hyderabad 2, Chennai Super Kings 0",False,20,154,7,17,17.4,155,2,19,"Abhishek Sharma, Rahul Tripathi do the job as Sunrisers get on the board. Super Kings lose their fourth match in a row and already face a monumental task ahead to make the playoffs","Moeen Ali,Ambati Rayudu","Mukesh Choudhary,Dwayne Bravo","Robin Uthappa (UKN),Ruturaj Gaikwad (UKN),Moeen Ali (AR),Ambati Rayudu (UKN),Shivam Dube (AR),Ravindra Jadeja (AR),MS Dhoni (WK),Dwayne Bravo (AR),Chris Jordan (BL),Maheesh Theekshana (BL),Mukesh Choudhary (BL)","Abhishek Sharma (AR),Kane Williamson (UKN),Rahul Tripathi (UKN),Nicholas Pooran (WK),Aiden Markram (UKN),Shashank Singh (AR),Washington Sundar (AR),Bhuvneshwar Kumar (BL),Marco Jansen (AR),Umran Malik (BL),T Natarajan (BL)","Abhishek Sharma,Rahul Tripathi","Washington Sundar,T Natarajan",9 April 2022 - day/night match (20-over match),Nitin Menon,Navdeep Singh,Yeshwant Barde,Javagal Srinath,Nitin Pandit
2022,1304064,Royal Challengers Bangalore v Mumbai Indians,RCB v MI,"18th Match (N), Indian Premier League at Pune, Apr 9 2022",RCB,MI,RCB,BOWL FIRST,151/6,152/3,152/3,151/6,RCB,RCB won by 7 wkts (9b rem),2022-04-09T14:00Z,2022-04-10T23:59Z,545380,"Maharashtra Cricket Association Stadium, Pune",Faf du Plessis,Rohit Sharma,Anuj Rawat,"Royal Challengers Bangalore 2, Mumbai Indians 0",False,18.3,152,3,17,20,151,6,21,Rawat 66 seals deal as RCB keep Mumbai winless. Suryakumar's 68 in vain as Mumbai join fellow sufferers Chennai Super Kings at the bottom of the table,"Anuj Rawat,Virat Kohli","Harshal Patel,Wanindu Hasaranga de Silva","Faf du Plessis (UKN),Anuj Rawat (UKN),Virat Kohli (UKN),Dinesh Karthik (WK),Glenn Maxwell (AR),David Willey (AR),Shahbaz Ahmed (AR),Wanindu Hasaranga de Silva (AR),Harshal Patel (BL),Mohammed Siraj (BL),Akash Deep (AR)","Ishan Kishan (WK),Rohit Sharma (UKN),Dewald Brevis (AR),Suryakumar Yadav (UKN),Tilak Varma (AR),Kieron Pollard (AR),Ramandeep Singh (UKN),Jaydev Unadkat (BL),Murugan Ashwin (BL),Jasprit Bumrah (BL),Basil Thampi (BL)","Suryakumar Yadav,Ishan Kishan","Jaydev Unadkat,Dewald Brevis",9 April 2022 - night match (20-over match),KN Ananthapadmanabhan,Bruce Oxenford,Ulhas Gandhe,Narayanan Kutty,Vinod Seshan
2022,1304065,Kolkata Knight Riders v Delhi Capitals,KKR v DC,"19th Match (D/N), Indian Premier League at Mumbai, Apr 10 2022",KKR,DC,KKR,BOWL FIRST,215/5,171,171,215/5,DC,Capitals won by 44 runs,2022-04-10T10:00Z,2022-04-11T23:59Z,58317,"Brabourne Stadium, Mumbai",Shreyas Iyer,Rishabh Pant,Kuldeep Yadav,"Delhi Capitals 2, Kolkata Knight Riders 0",False,19.4,171,10,22,20,215,5,29,,"Shreyas Iyer,Nitish Rana","Sunil Narine,Andre Russell","Ajinkya Rahane (UKN),Venkatesh Iyer (AR),Shreyas Iyer (UKN),Nitish Rana (UKN),Andre Russell (AR),Sam Billings (WK),Pat Cummins (BL),Sunil Narine (AR),Umesh Yadav (BL),Rasikh Salam (BL),Varun Chakravarthy (BL)","Prithvi Shaw (UKN),David Warner (UKN),Rishabh Pant (WK),Lalit Yadav (AR),Rovman Powell (UKN),Axar Patel (AR),Shardul Thakur (BL),Sarfaraz Khan (UKN),Kuldeep Yadav (BL),Mustafizur Rahman (BL),Khaleel Ahmed (BL)","David Warner,Prithvi Shaw","Kuldeep Yadav,Khaleel Ahmed",10 April 2022 - day/night match (20-over match),Chris Gaffaney,Jayaraman Madanagopal,Saiyed Khalid,Prakash Bhatt,Rohan Pandit
2022,1304066,Rajasthan Royals v Lucknow Super Giants,RR v LSG,"20th Match (N), Indian Premier League at Mumbai, Apr 10 2022",RR,LSG,LSG,BOWL FIRST,165/6,162/8,165/6,162/8,RR,Royals won by 3 runs,2022-04-10T14:00Z,2022-04-11T23:59Z,58324,"Wankhede Stadium, Mumbai",Sanju Samson,KL Rahul,Yuzvendra Chahal,"Rajasthan Royals 2, Lucknow Super Giants 0",False,20,165,6,19,20,162,8,19,,"Shimron Hetmyer,Devdutt Padikkal","Yuzvendra Chahal,Trent Boult","Jos Buttler (UKN),Devdutt Padikkal (UKN),Sanju Samson (WK),Rassie van der Dussen (UKN),Shimron Hetmyer (UKN),Ravichandran Ashwin (AR),Riyan Parag (UKN),Trent Boult (BL),Yuzvendra Chahal (BL),Kuldeep Sen (BL),Prasidh Krishna (BL)","KL Rahul (UKN),Quinton de Kock (WK),Krishnappa Gowtham (AR),Jason Holder (AR),Deepak Hooda (AR),Ayush Badoni (UKN),Krunal Pandya (AR),Marcus Stoinis (AR),Dushmantha Chameera (BL),Avesh Khan (BL),Ravi Bishnoi (BL)","Quinton de Kock,Marcus Stoinis","Krishnappa Gowtham,Jason Holder",10 April 2022 - night match (20-over match),Anil Chaudhary,Tapan Sharma,Pashchim Pathak,Javagal Srinath,Sadashiv Iyer
2022,1304067,Sunrisers Hyderabad v Gujarat Titans,SRH v GT,"21st Match (N), Indian Premier League at Navi Mumbai, Apr 11 2022",SRH,GT,SRH,BOWL FIRST,162/7,168/2,168/2,162/7,SRH,Sunrisers won by 8 wkts (5b rem),2022-04-11T14:00Z,2022-04-12T23:59Z,343050,"Dr DY Patil Sports Academy, Navi Mumbai",Kane Williamson,Hardik Pandya,Kane Williamson,"Sunrisers Hyderabad 2, Gujarat Titans 0",False,19.1,168,2,19,20,162,7,18,,"Kane Williamson,Abhishek Sharma","T Natarajan,Bhuvneshwar Kumar","Abhishek Sharma (AR),Kane Williamson (UKN),Rahul Tripathi (UKN),Nicholas Pooran (WK),Aiden Markram (UKN),Shashank Singh (AR),Washington Sundar (AR),Marco Jansen (AR),Bhuvneshwar Kumar (BL),T Natarajan (BL),Umran Malik (BL)","Matthew Wade (WK),Shubman Gill (UKN),Sai Sudharsan (UKN),Hardik Pandya (AR),David Miller (UKN),Abhinav Manohar (AR),Rahul Tewatia (AR),Rashid Khan (BL),Darshan Nalkande (BL),Mohammed Shami (BL),Lockie Ferguson (BL)","Hardik Pandya,Abhinav Manohar","Hardik Pandya,Rashid Khan",11 April 2022 - night match (20-over match),Chirra Ravikanthreddy,Rod Tucker,Virender Sharma,Daniel Manohar,Nikhil Patwardhan
2022,1304068,Chennai Super Kings v Royal Challengers Bangalore,CSK v RCB,"22nd Match (N), Indian Premier League at Navi Mumbai, Apr 12 2022",CSK,RCB,RCB,BOWL FIRST,216/4,193/9,216/4,193/9,CSK,Super Kings won by 23 runs,2022-04-12T14:00Z,2022-04-13T23:59Z,343050,"Dr DY Patil Sports Academy, Navi Mumbai",Ravindra Jadeja,Faf du Plessis,Shivam Dube,"Chennai Super Kings 2, Royal Challengers Bangalore 0",False,20,216,4,29,20,193,9,24,CSK get on the board after Dube-Uthappa show. Theekshana leads the bowling effort with four-for after batters turn on the style to put up huge total,"Shivam Dube,Robin Uthappa","Maheesh Theekshana,Ravindra Jadeja","Ruturaj Gaikwad (UKN),Robin Uthappa (UKN),Moeen Ali (AR),Shivam Dube (AR),Ravindra Jadeja (AR),MS Dhoni (WK),Ambati Rayudu (UKN),Dwayne Bravo (AR),Chris Jordan (BL),Maheesh Theekshana (BL),Mukesh Choudhary (BL)","Faf du Plessis (UKN),Anuj Rawat (UKN),Virat Kohli (UKN),Glenn Maxwell (AR),Shahbaz Ahmed (AR),Suyash Prabhudessai (AR),Dinesh Karthik (WK),Wanindu Hasaranga de Silva (AR),Akash Deep (AR),Mohammed Siraj (BL),Josh Hazlewood (BL)","Shahbaz Ahmed,Suyash Prabhudessai","Wanindu Hasaranga de Silva,Josh Hazlewood",12 April 2022 - night match (20-over match),Nitin Menon,Nitin Pandit,Yeshwant Barde,Javagal Srinath,Akshay Totre
2022,1304069,Mumbai Indians v Punjab Kings,MI v PBKS,"23rd Match (N), Indian Premier League at Pune, Apr 13 2022",MI,PBKS,MI,BOWL FIRST,198/5,186/9,186/9,198/5,PBKS,Punjab Kings won by 12 runs,2022-04-13T14:00Z,2022-04-14T23:59Z,545380,"Maharashtra Cricket Association Stadium, Pune",Rohit Sharma,Mayank Agarwal,Mayank Agarwal,"Punjab Kings 2, Mumbai Indians 0",False,20,186,9,26,20,198,5,23,"Mumbai run out of power, crashing to fifth straight loss. Brevis and Tilak Varma put on a show, but Punjab Kings had enough on the board to weather it","Dewald Brevis,Suryakumar Yadav","Basil Thampi,Jasprit Bumrah","Rohit Sharma (UKN),Ishan Kishan (WK),Dewald Brevis (AR),Tilak Varma (AR),Suryakumar Yadav (UKN),Kieron Pollard (AR),Jaydev Unadkat (BL),Murugan Ashwin (BL),Jasprit Bumrah (BL),Tymal Mills (BL),Basil Thampi (BL)","Mayank Agarwal (UKN),Shikhar Dhawan (UKN),Jonny Bairstow (UKN),Liam Livingstone (AR),Jitesh Sharma (WK),M Shahrukh Khan (UKN),Odean Smith (AR),Kagiso Rabada (BL),Rahul Chahar (BL),Vaibhav Arora (BL),Arshdeep Singh (BL)","Shikhar Dhawan,Mayank Agarwal","Odean Smith,Kagiso Rabada",13 April 2022 - night match (20-over match),Ulhas Gandhe,Bruce Oxenford,KN Ananthapadmanabhan,Narayanan Kutty,Saidharshan Kumar
2022,1304070,Rajasthan Royals v Gujarat Titans,RR v GT,"24th Match (N), Indian Premier League at Navi Mumbai, Apr 14 2022",RR,GT,RR,BOWL FIRST,192/4,155/9,155/9,192/4,GT,Titans won by 37 runs,2022-04-14T14:00Z,2022-04-15T23:59Z,343050,"Dr DY Patil Sports Academy, Navi Mumbai",Sanju Samson,Hardik Pandya,Hardik Pandya,"Gujarat Titans 2, Rajasthan Royals 0",False,20,155,9,19,20,192,4,29,"Hardik brings the thrill as Titans top table. Ferguson, Dayal impress with the ball; Buttler's 23-ball fifty not enough for Royals","Jos Buttler,Shimron Hetmyer","Yuzvendra Chahal,Riyan Parag","Jos Buttler (UKN),Devdutt Padikkal (UKN),Ravichandran Ashwin (AR),Sanju Samson (WK),Rassie van der Dussen (UKN),Shimron Hetmyer (UKN),Riyan Parag (UKN),James Neesham (AR),Prasidh Krishna (BL),Yuzvendra Chahal (BL),Kuldeep Sen (BL)","Matthew Wade (WK),Shubman Gill (UKN),Vijay Shankar (AR),Hardik Pandya (AR),Abhinav Manohar (AR),David Miller (UKN),Rahul Tewatia (AR),Rashid Khan (BL),Mohammed Shami (BL),Lockie Ferguson (BL),Yash Dayal (BL)","Hardik Pandya,Abhinav Manohar","Lockie Ferguson,Yash Dayal",14 April 2022 - night match (20-over match),Chris Gaffaney,Rohan Pandit,Jayaraman Madanagopal,Manu Nayyar,Tapan Sharma
2022,1304071,Sunrisers Hyderabad v Kolkata Knight Riders,SRH v KKR,"25th Match (N), Indian Premier League at Mumbai, Apr 15 2022",SRH,KKR,SRH,BOWL FIRST,175/8,176/3,176/3,175/8,SRH,Sunrisers won by 7 wkts (13b rem),2022-04-15T14:00Z,2022-04-16T23:59Z,58317,"Brabourne Stadium, Mumbai",Kane Williamson,Shreyas Iyer,Rahul Tripathi,"Sunrisers Hyderabad 2, Kolkata Knight Riders 0",False,17.5,176,3,23,20,175,8,24,"Tripathi, Markram hit fifties as Sunrisers make it three in a row. Earlier, an impressive show from Sunrisers' pace pack kept Knight Riders to a gettable total","Rahul Tripathi,Aiden Markram","T Natarajan,Umran Malik","Abhishek Sharma (AR),Kane Williamson (UKN),Rahul Tripathi (UKN),Aiden Markram (UKN),Nicholas Pooran (WK),Shashank Singh (AR),Jagadeesha Suchith (BL),Marco Jansen (AR),Bhuvneshwar Kumar (BL),T Natarajan (BL),Umran Malik (BL)","Venkatesh Iyer (AR),Aaron Finch (UKN),Shreyas Iyer (UKN),Sunil Narine (AR),Nitish Rana (UKN),Sheldon Jackson (WK),Andre Russell (AR),Pat Cummins (BL),Aman Hakim Khan (BL),Umesh Yadav (BL),Varun Chakravarthy (BL)","Nitish Rana,Andre Russell","Andre Russell,Pat Cummins",15 April 2022 - night match (20-over match),Sadashiv Iyer,Virender Sharma,Saiyed Khalid,Prakash Bhatt,Pashchim Pathak
2022,1304072,Mumbai Indians v Lucknow Super Giants,MI v LSG,"26th Match (D/N), Indian Premier League at Mumbai, Apr 16 2022",MI,LSG,MI,BOWL FIRST,199/4,181/9,181/9,199/4,LSG,Super Giants won by 18 runs,2022-04-16T10:00Z,2022-04-17T23:59Z,58317,"Brabourne Stadium, Mumbai",Rohit Sharma,KL Rahul,KL Rahul,"Lucknow Super Giants 2, Mumbai Indians 0",False,20,181,9,23,20,199,4,28,"Rahul 103*, Avesh three-for headline dominant Super Giants' fourth win. Poor fielding and wayward bowling compound matters for Mumbai Indians, who have now lost six games on the bounce","Suryakumar Yadav,Dewald Brevis","Jaydev Unadkat,Murugan Ashwin","Ishan Kishan (WK),Rohit Sharma (UKN),Dewald Brevis (AR),Suryakumar Yadav (UKN),Tilak Varma (AR),Kieron Pollard (AR),Fabian Allen (AR),Jaydev Unadkat (BL),Murugan Ashwin (BL),Jasprit Bumrah (BL),Tymal Mills (BL)","KL Rahul (UKN),Quinton de Kock (WK),Manish Pandey (UKN),Marcus Stoinis (AR),Deepak Hooda (AR),Krunal Pandya (AR),Ayush Badoni (UKN),Jason Holder (AR),Dushmantha Chameera (BL),Avesh Khan (BL),Ravi Bishnoi (BL)","KL Rahul,Manish Pandey","Avesh Khan,Marcus Stoinis",16 April 2022 - day/night match (20-over match),Anil Chaudhary,Nikhil Patwardhan,Navdeep Singh,Shakti Singh,Yeshwant Barde
2022,1304073,Delhi Capitals v Royal Challengers Bangalore,DC v RCB,"27th Match (N), Indian Premier League at Mumbai, Apr 16 2022",DC,RCB,DC,BOWL FIRST,189/5,173/7,173/7,189/5,RCB,RCB won by 16 runs,2022-04-16T14:00Z,2022-04-17T23:59Z,58324,"Wankhede Stadium, Mumbai",Rishabh Pant,Faf du Plessis,Dinesh Karthik,"Royal Challengers Bangalore 2, Delhi Capitals 0",False,20,173,7,21,20,189,5,27,"Another Dinesh Karthik blitz fashions Royal Challengers' victory. Glenn Maxwell did the early legwork with a fifty of his own, rendering a David Warner special in vain","David Warner,Rishabh Pant","Shardul Thakur,Axar Patel","Prithvi Shaw (UKN),David Warner (UKN),Mitchell Marsh (AR),Rishabh Pant (WK),Rovman Powell (UKN),Lalit Yadav (AR),Shardul Thakur (BL),Axar Patel (AR),Kuldeep Yadav (BL),Mustafizur Rahman (BL),Khaleel Ahmed (BL)","Faf du Plessis (UKN),Anuj Rawat (UKN),Virat Kohli (UKN),Glenn Maxwell (AR),Suyash Prabhudessai (AR),Shahbaz Ahmed (AR),Dinesh Karthik (WK),Wanindu Hasaranga de Silva (AR),Mohammed Siraj (BL),Harshal Patel (BL),Josh Hazlewood (BL)","Dinesh Karthik,Glenn Maxwell","Josh Hazlewood,Mohammed Siraj",16 April 2022 - night match (20-over match),Jayaraman Madanagopal,Chirra Ravikanthreddy,Chris Gaffaney,Javagal Srinath,Nitin Pandit
2022,1304074,Punjab Kings v Sunrisers Hyderabad,PBKS v SRH,"28th Match (D/N), Indian Premier League at Navi Mumbai, Apr 17 2022",PBKS,SRH,SRH,BOWL FIRST,151,152/3,151,152/3,SRH,Sunrisers won by 7 wkts (7b rem),2022-04-17T10:00Z,2022-04-18T23:59Z,343050,"Dr DY Patil Sports Academy, Navi Mumbai",Shikhar Dhawan,Kane Williamson,Umran Malik,"Sunrisers Hyderabad 2, Punjab Kings 0",False,20,151,10,20,18.5,152,3,16,"Bhuvneshwar, Umran Malik share seven wickets to guide Sunrisers into top four. Sunrisers registered their fourth successive victory to be placed fourth on the table with eight points","Liam Livingstone,M Shahrukh Khan","Rahul Chahar,Kagiso Rabada","Shikhar Dhawan (UKN),Prabhsimran Singh (UKN),Jonny Bairstow (UKN),Liam Livingstone (AR),Jitesh Sharma (WK),M Shahrukh Khan (UKN),Odean Smith (AR),Kagiso Rabada (BL),Rahul Chahar (BL),Vaibhav Arora (BL),Arshdeep Singh (BL)","Abhishek Sharma (AR),Kane Williamson (UKN),Rahul Tripathi (UKN),Aiden Markram (UKN),Nicholas Pooran (WK),Shashank Singh (AR),Jagadeesha Suchith (BL),Bhuvneshwar Kumar (BL),Marco Jansen (AR),T Natarajan (BL),Umran Malik (BL)","Aiden Markram,Nicholas Pooran","Umran Malik,Bhuvneshwar Kumar",17 April 2022 - day/night match (20-over match),Rohan Pandit,Pashchim Pathak,Rod Tucker,Daniel Manohar,Akshay Totre
2022,1304075,Gujarat Titans v Chennai Super Kings,GT v CSK,"29th Match (N), Indian Premier League at Pune, Apr 17 2022",GT,CSK,GT,BOWL FIRST,169/5,170/7,170/7,169/5,GT,Titans won by 3 wkts (1b rem),2022-04-17T14:00Z,2022-04-18T23:59Z,545380,"Maharashtra Cricket Association Stadium, Pune",Rashid Khan,Ravindra Jadeja,David Miller,"Gujarat Titans 2, Chennai Super Kings 0",False,19.5,170,7,21,20,169,5,20,David Miller classic brings the house down on Chennai Super Kings. Rashid Khan cameo at the end helps Gujarat Titans seal victory despite their having been 16 for 3 and 87 for 5,"David Miller,Rashid Khan","Alzarri Joseph,Mohammed Shami","Wriddhiman Saha (WK),Shubman Gill (UKN),Vijay Shankar (AR),Abhinav Manohar (AR),David Miller (UKN),Rahul Tewatia (AR),Rashid Khan (BL),Alzarri Joseph (BL),Lockie Ferguson (BL),Mohammed Shami (BL),Yash Dayal (BL)","Ruturaj Gaikwad (UKN),Robin Uthappa (UKN),Moeen Ali (AR),Ambati Rayudu (UKN),Shivam Dube (AR),Ravindra Jadeja (AR),MS Dhoni (WK),Dwayne Bravo (AR),Chris Jordan (BL),Maheesh Theekshana (BL),Mukesh Choudhary (BL)","Ruturaj Gaikwad,Ambati Rayudu","Dwayne Bravo,Maheesh Theekshana",17 April 2022 - night match (20-over match),KN Ananthapadmanabhan,Ulhas Gandhe,Bruce Oxenford,Narayanan Kutty,Vinod Seshan
2022,1304076,Rajasthan Royals v Kolkata Knight Riders,RR v KKR,"30th Match (N), Indian Premier League at Mumbai, Apr 18 2022",RR,KKR,KKR,BOWL FIRST,217/5,210,217/5,210,RR,Royals won by 7 runs,2022-04-18T14:00Z,2022-04-19T23:59Z,58317,"Brabourne Stadium, Mumbai",Sanju Samson,Shreyas Iyer,Yuzvendra Chahal,"Rajasthan Royals 2, Kolkata Knight Riders 0",False,20,217,5,28,19.4,210,10,27,"Jos Buttler ton, Yuzvendra Chahal hat-trick give Rajasthan Royals narrow win. Finch, Shreyas half-centuries and Umesh's late blitz gave Knight Riders a chance before they fell short in big chase","Jos Buttler,Sanju Samson","Yuzvendra Chahal,Obed McCoy","Jos Buttler (UKN),Devdutt Padikkal (UKN),Sanju Samson (WK),Shimron Hetmyer (UKN),Riyan Parag (UKN),Karun Nair (UKN),Ravichandran Ashwin (AR),Trent Boult (BL),Obed McCoy (BL),Prasidh Krishna (BL),Yuzvendra Chahal (BL)","Aaron Finch (UKN),Sunil Narine (AR),Shreyas Iyer (UKN),Nitish Rana (UKN),Andre Russell (AR),Venkatesh Iyer (AR),Sheldon Jackson (WK),Shivam Mavi (AR),Pat Cummins (BL),Umesh Yadav (BL),Varun Chakravarthy (BL)","Shreyas Iyer,Aaron Finch","Sunil Narine,Andre Russell",18 April 2022 - night match (20-over match),Sadashiv Iyer,Virender Sharma,Nitin Menon,Manu Nayyar,Nikhil Patwardhan
2022,1304077,Lucknow Super Giants v Royal Challengers Bangalore,LSG v RCB,"31st Match (N), Indian Premier League at Navi Mumbai, Apr 19 2022",LSG,RCB,LSG,BOWL FIRST,181/6,163/8,163/8,181/6,RCB,RCB won by 18 runs,2022-04-19T14:00Z,2022-04-20T23:59Z,343050,"Dr DY Patil Sports Academy, Navi Mumbai",KL Rahul,Faf du Plessis,Faf du Plessis,"Royal Challengers Bangalore 2, Lucknow Super Giants 0",False,20,163,8,20,20,181,6,21,Faf du Plessis and Josh Hazlewood put Royal Challengers in top two. Glenn Maxwell and Shahbaz Ahmed also played crucial roles in an 18-run victory,"Krunal Pandya,KL Rahul","Jason Holder,Dushmantha Chameera","Quinton de Kock (WK),KL Rahul (UKN),Manish Pandey (UKN),Krunal Pandya (AR),Deepak Hooda (AR),Ayush Badoni (UKN),Marcus Stoinis (AR),Jason Holder (AR),Dushmantha Chameera (BL),Ravi Bishnoi (BL),Avesh Khan (BL)","Anuj Rawat (UKN),Faf du Plessis (UKN),Virat Kohli (UKN),Glenn Maxwell (AR),Suyash Prabhudessai (AR),Shahbaz Ahmed (AR),Dinesh Karthik (WK),Harshal Patel (BL),Wanindu Hasaranga de Silva (AR),Josh Hazlewood (BL),Mohammed Siraj (BL)","Faf du Plessis,Shahbaz Ahmed","Josh Hazlewood,Harshal Patel",19 April 2022 - night match (20-over match),Chris Gaffaney,Nitin Pandit,Jayaraman Madanagopal,Prakash Bhatt,Chirra Ravikanthreddy
2022,1304078,Delhi Capitals v Punjab Kings,DC v PBKS,"32nd Match (N), Indian Premier League at Mumbai, Apr 20 2022",DC,PBKS,DC,BOWL FIRST,115,119/1,119/1,115,DC,Capitals won by 9 wkts (57b rem),2022-04-20T14:00Z,2022-04-21T23:59Z,58317,"Brabourne Stadium, Mumbai",Rishabh Pant,Mayank Agarwal,Kuldeep Yadav,"Delhi Capitals 2, Punjab Kings 0",False,10.3,119,1,20,20,115,10,16,"All-star bowling, big Warner-Shaw stand lead Capitals demolition of Kings. Capitals race to 81 inside powerplay, and past the target in 10.3 overs, after restricting Kings to 115, the lowest total this season","David Warner,Prithvi Shaw","Axar Patel,Lalit Yadav","Prithvi Shaw (UKN),David Warner (UKN),Sarfaraz Khan (UKN),Rishabh Pant (WK),Rovman Powell (UKN),Lalit Yadav (AR),Shardul Thakur (BL),Axar Patel (AR),Kuldeep Yadav (BL),Mustafizur Rahman (BL),Khaleel Ahmed (BL)","Mayank Agarwal (UKN),Shikhar Dhawan (UKN),Jonny Bairstow (UKN),Liam Livingstone (AR),Jitesh Sharma (WK),M Shahrukh Khan (UKN),Kagiso Rabada (BL),Nathan Ellis (BL),Rahul Chahar (BL),Arshdeep Singh (BL),Vaibhav Arora (BL)","Jitesh Sharma,Mayank Agarwal","Rahul Chahar,Kagiso Rabada",20 April 2022 - night match (20-over match),Tapan Sharma,Rod Tucker,Anil Chaudhary,Shakti Singh,Rohan Pandit
2022,1304079,Mumbai Indians v Chennai Super Kings,MI v CSK,"33rd Match (N), Indian Premier League at Navi Mumbai, Apr 21 2022",MI,CSK,CSK,BOWL FIRST,155/7,156/7,155/7,156/7,CSK,Super Kings won by 3 wkts (0b rem),2022-04-21T14:00Z,2022-04-22T23:59Z,343050,"Dr DY Patil Sports Academy, Navi Mumbai",Rohit Sharma,Ravindra Jadeja,Mukesh Choudhary,"Chennai Super Kings 2, Mumbai Indians 0",False,20,155,7,17,20,156,7,19,Dhoni the finisher rescues Chennai Super Kings in last-ball thriller. Pretorius and Choudhary play equally important roles in victory; Mumbai have now lost seven,"Tilak Varma,Suryakumar Yadav","Daniel Sams,Jaydev Unadkat","Rohit Sharma (UKN),Ishan Kishan (WK),Dewald Brevis (AR),Suryakumar Yadav (UKN),Tilak Varma (AR),Hrithik Shokeen (BL),Kieron Pollard (AR),Daniel Sams (AR),Jaydev Unadkat (BL),Riley Meredith (BL),Jasprit Bumrah (BL)","Ruturaj Gaikwad (UKN),Robin Uthappa (UKN),Mitchell Santner (AR),Ambati Rayudu (UKN),Shivam Dube (AR),Ravindra Jadeja (AR),MS Dhoni (WK),Dwaine Pretorius (AR),Dwayne Bravo (AR),Mukesh Choudhary (BL),Maheesh Theekshana (BL)","Ambati Rayudu,Robin Uthappa","Mukesh Choudhary,Dwayne Bravo",21 April 2022 - night match (20-over match),Ulhas Gandhe,Bruce Oxenford,KN Ananthapadmanabhan,Narayanan Kutty,Saidharshan Kumar
2022,1304080,Delhi Capitals v Rajasthan Royals,DC v RR,"34th Match (N), Indian Premier League at Mumbai, Apr 22 2022",DC,RR,DC,BOWL FIRST,222/2,207/8,207/8,222/2,RR,Royals won by 15 runs,2022-04-22T14:00Z,2022-04-23T23:59Z,58324,"Wankhede Stadium, Mumbai",Rishabh Pant,Sanju Samson,Jos Buttler,"Rajasthan Royals 2, Delhi Capitals 0",False,20,207,8,29,20,222,2,35,"Another Buttler century, Prasidh three-for clinch run-fest against Capitals. Powell gave Capitals a sniff with three back-to-back sixes in the last over and a controversy followed","Rishabh Pant,Prithvi Shaw","Mustafizur Rahman,Khaleel Ahmed","Prithvi Shaw (UKN),David Warner (UKN),Sarfaraz Khan (UKN),Rishabh Pant (WK),Lalit Yadav (AR),Axar Patel (AR),Shardul Thakur (BL),Rovman Powell (UKN),Kuldeep Yadav (BL),Mustafizur Rahman (BL),Khaleel Ahmed (BL)","Jos Buttler (UKN),Devdutt Padikkal (UKN),Sanju Samson (WK),Shimron Hetmyer (UKN),Riyan Parag (UKN),Karun Nair (UKN),Ravichandran Ashwin (AR),Trent Boult (BL),Obed McCoy (BL),Prasidh Krishna (BL),Yuzvendra Chahal (BL)","Jos Buttler,Devdutt Padikkal","Prasidh Krishna,Ravichandran Ashwin",22 April 2022 - night match (20-over match),Nitin Menon,Nikhil Patwardhan,Yeshwant Barde,Daniel Manohar,Sadashiv Iyer
2022,1304081,Kolkata Knight Riders v Gujarat Titans,KKR v GT,"35th Match (D/N), Indian Premier League at Navi Mumbai, Apr 23 2022",KKR,GT,GT,BAT FIRST,156/9,148/8,148/8,156/9,GT,Titans won by 8 runs,2022-04-23T10:00Z,2022-04-24T23:59Z,343050,"Dr DY Patil Sports Academy, Navi Mumbai",Shreyas Iyer,Hardik Pandya,Rashid Khan,"Gujarat Titans 2, Kolkata Knight Riders 0",False,20,148,8,20,20,156,9,15,Shami-led Titans bowling attack thwarts Russell-powered Knight Riders. Titans climb to the top of the table after Hardik Pandya becomes first captain to bat first after winning the toss,"Andre Russell,Rinku Singh","Andre Russell,Tim Southee","Sam Billings (WK),Sunil Narine (AR),Shreyas Iyer (UKN),Nitish Rana (UKN),Rinku Singh (UKN),Venkatesh Iyer (AR),Andre Russell (AR),Shivam Mavi (AR),Umesh Yadav (BL),Tim Southee (BL),Varun Chakravarthy (BL)","Wriddhiman Saha (WK),Shubman Gill (UKN),Hardik Pandya (AR),David Miller (UKN),Rahul Tewatia (AR),Rashid Khan (BL),Abhinav Manohar (AR),Lockie Ferguson (BL),Alzarri Joseph (BL),Yash Dayal (BL),Mohammed Shami (BL)","Hardik Pandya,David Miller","Mohammed Shami,Rashid Khan",23 April 2022 - day/night match (20-over match),KN Ananthapadmanabhan,Ulhas Gandhe,Bruce Oxenford,Narayanan Kutty,Vinod Seshan
2022,1304082,Royal Challengers Bangalore v Sunrisers Hyderabad,RCB v SRH,"36th Match (N), Indian Premier League at Mumbai, Apr 23 2022",RCB,SRH,SRH,BOWL FIRST,68,72/1,68,72/1,SRH,Sunrisers won by 9 wkts (72b rem),2022-04-23T14:00Z,2022-04-24T23:59Z,58317,"Brabourne Stadium, Mumbai",Faf du Plessis,Kane Williamson,Marco Jansen,"Sunrisers Hyderabad 2, Royal Challengers Bangalore 0",False,16.1,68,10,6,8,72,1,12,"Marco Jansen, T Natarajan lead Sunrisers Hyderabad's rout of Royal Challengers Bangalore. The game lasted all of 24.1 overs after Royal Challengers folded for 68","Suyash Prabhudessai,Glenn Maxwell","Harshal Patel,Josh Hazlewood","Faf du Plessis (UKN),Anuj Rawat (UKN),Virat Kohli (UKN),Glenn Maxwell (AR),Suyash Prabhudessai (AR),Shahbaz Ahmed (AR),Dinesh Karthik (WK),Harshal Patel (BL),Wanindu Hasaranga de Silva (AR),Josh Hazlewood (BL),Mohammed Siraj (BL)","Abhishek Sharma (AR),Kane Williamson (UKN),Rahul Tripathi (UKN),Aiden Markram (UKN),Nicholas Pooran (WK),Shashank Singh (AR),Jagadeesha Suchith (BL),Bhuvneshwar Kumar (BL),Marco Jansen (AR),T Natarajan (BL),Umran Malik (BL)","Abhishek Sharma,Kane Williamson","T Natarajan,Marco Jansen",23 April 2022 - night match (20-over match),Jayaraman Madanagopal,Chirra Ravikanthreddy,Chris Gaffaney,Manu Nayyar,Saiyed Khalid
2022,1304083,Lucknow Super Giants v Mumbai Indians,LSG v MI,"37th Match (N), Indian Premier League at Mumbai, Apr 24 2022",LSG,MI,MI,BOWL FIRST,168/6,132/8,168/6,132/8,LSG,Super Giants won by 36 runs,2022-04-24T14:00Z,2022-04-25T23:59Z,58324,"Wankhede Stadium, Mumbai",KL Rahul,Rohit Sharma,KL Rahul,"Lucknow Super Giants 2, Mumbai Indians 0",False,20,168,6,20,20,132,8,12,"Rahul 103*, Krunal three-for send Mumbai hurtling to eighth defeat. The Lucknow Super Giants captain scored his third century against Mumbai, which is an IPL record","KL Rahul,Manish Pandey","Krunal Pandya,Ayush Badoni","Quinton de Kock (WK),KL Rahul (UKN),Manish Pandey (UKN),Marcus Stoinis (AR),Krunal Pandya (AR),Deepak Hooda (AR),Ayush Badoni (UKN),Jason Holder (AR),Dushmantha Chameera (BL),Ravi Bishnoi (BL),Mohsin Khan (BL)","Ishan Kishan (WK),Rohit Sharma (UKN),Dewald Brevis (AR),Suryakumar Yadav (UKN),Tilak Varma (AR),Kieron Pollard (AR),Daniel Sams (AR),Jaydev Unadkat (BL),Hrithik Shokeen (BL),Jasprit Bumrah (BL),Riley Meredith (BL)","Rohit Sharma,Tilak Varma","Kieron Pollard,Riley Meredith",24 April 2022 - night match (20-over match),Marais Erasmus,Saiyed Khalid,Virender Sharma,Shakti Singh,Nitin Pandit
2022,1304084,Punjab Kings v Chennai Super Kings,PBKS v CSK,"38th Match (N), Indian Premier League at Mumbai, Apr 25 2022",PBKS,CSK,CSK,BOWL FIRST,187/4,176/6,187/4,176/6,PBKS,Punjab Kings won by 11 runs,2022-04-25T14:00Z,2022-04-26T23:59Z,58324,"Wankhede Stadium, Mumbai",Mayank Agarwal,Ravindra Jadeja,Shikhar Dhawan,"Punjab Kings 2, Chennai Super Kings 0",False,20,187,4,21,20,176,6,23,"Arshdeep, Rabada death strangle after Shikhar Dhawan masterclass help Kings down Super Kings. Rayudu's 39-ball 78 raised hopes of a Super Kings win only to be dashed by tight overs by Kings at the death","Shikhar Dhawan,Bhanuka Rajapaksa","Kagiso Rabada,Rishi Dhawan","Mayank Agarwal (UKN),Shikhar Dhawan (UKN),Bhanuka Rajapaksa (UKN),Liam Livingstone (AR),Jonny Bairstow (UKN),Jitesh Sharma (WK),Rishi Dhawan (AR),Kagiso Rabada (BL),Rahul Chahar (BL),Arshdeep Singh (BL),Sandeep Sharma (BL)","Ruturaj Gaikwad (UKN),Robin Uthappa (UKN),Mitchell Santner (AR),Shivam Dube (AR),Ambati Rayudu (UKN),Ravindra Jadeja (AR),MS Dhoni (WK),Dwaine Pretorius (AR),Dwayne Bravo (AR),Mukesh Choudhary (BL),Maheesh Theekshana (BL)","Ambati Rayudu,Ruturaj Gaikwad","Dwayne Bravo,Maheesh Theekshana",25 April 2022 - night match (20-over match),Marais Erasmus,Tapan Sharma,Pashchim Pathak,Prakash Bhatt,Rohan Pandit
2022,1304085,Royal Challengers Bangalore v Rajasthan Royals,RCB v RR,"39th Match (N), Indian Premier League at Pune, Apr 26 2022",RCB,RR,RCB,BOWL FIRST,144/8,115,115,144/8,RR,Royals won by 29 runs,2022-04-26T14:00Z,2022-04-27T23:59Z,545380,"Maharashtra Cricket Association Stadium, Pune",Faf du Plessis,Sanju Samson,Riyan Parag,"Rajasthan Royals 2, Royal Challengers Bangalore 0",False,19.3,115,10,13,20,144,8,17,"Parag, Kuldeep and Ashwin rescue the Royals. The batter's 56* off 31 dragged his team from 99 for 5 to 144. Then the bowlers combined to take 7 for 37 to stymie RCB in their small chase","Faf du Plessis,Wanindu Hasaranga de Silva","Josh Hazlewood,Wanindu Hasaranga de Silva","Virat Kohli (UKN),Faf du Plessis (UKN),Rajat Patidar (UKN),Glenn Maxwell (AR),Shahbaz Ahmed (AR),Suyash Prabhudessai (AR),Dinesh Karthik (WK),Wanindu Hasaranga de Silva (AR),Harshal Patel (BL),Mohammed Siraj (BL),Josh Hazlewood (BL)","Jos Buttler (UKN),Devdutt Padikkal (UKN),Ravichandran Ashwin (AR),Sanju Samson (WK),Daryl Mitchell (AR),Riyan Parag (UKN),Shimron Hetmyer (UKN),Trent Boult (BL),Prasidh Krishna (BL),Yuzvendra Chahal (BL),Kuldeep Sen (BL)","Riyan Parag,Sanju Samson","Kuldeep Sen,Ravichandran Ashwin",26 April 2022 - night match (20-over match),KN Ananthapadmanabhan,Bruce Oxenford,Ulhas Gandhe,Narayanan Kutty,Saidharshan Kumar
2022,1304086,Gujarat Titans v Sunrisers Hyderabad,GT v SRH,"40th Match (N), Indian Premier League at Mumbai, Apr 27 2022",GT,SRH,GT,BOWL FIRST,195/6,199/5,199/5,195/6,GT,Titans won by 5 wkts (0b rem),2022-04-27T14:00Z,2022-04-28T23:59Z,58324,"Wankhede Stadium, Mumbai",Hardik Pandya,Kane Williamson,Umran Malik,"Gujarat Titans 2, Sunrisers Hyderabad 0",False,20,199,5,27,20,195,6,23,"Rashid, Tewatia pull off another final-ball heist for Titans. Umran Malik's five-for goes in vain as Titans hit four sixes in the last over","Wriddhiman Saha,Rahul Tewatia","Mohammed Shami,Yash Dayal","Wriddhiman Saha (WK),Shubman Gill (UKN),Hardik Pandya (AR),David Miller (UKN),Rahul Tewatia (AR),Abhinav Manohar (AR),Rashid Khan (BL),Lockie Ferguson (BL),Alzarri Joseph (BL),Yash Dayal (BL),Mohammed Shami (BL)","Abhishek Sharma (AR),Kane Williamson (UKN),Rahul Tripathi (UKN),Aiden Markram (UKN),Nicholas Pooran (WK),Washington Sundar (AR),Shashank Singh (AR),Marco Jansen (AR),Bhuvneshwar Kumar (BL),T Natarajan (BL),Umran Malik (BL)","Abhishek Sharma,Aiden Markram","Umran Malik,T Natarajan",27 April 2022 - night match (20-over match),Chris Gaffaney,Navdeep Singh,Jayaraman Madanagopal,Shakti Singh,Sadashiv Iyer
2022,1304087,Delhi Capitals v Kolkata Knight Riders,DC v KKR,"41st Match (N), Indian Premier League at Mumbai, Apr 28 2022",DC,KKR,DC,BOWL FIRST,146/9,150/6,150/6,146/9,DC,Capitals won by 4 wkts (6b rem),2022-04-28T14:00Z,2022-04-29T23:59Z,58324,"Wankhede Stadium, Mumbai",Rishabh Pant,Shreyas Iyer,Kuldeep Yadav,"Delhi Capitals 2, Kolkata Knight Riders 0",False,19,150,6,19,20,146,9,14,Kuldeep stars with four-for to hand Capitals fourth win. Rana's 57 not enough as Knight Riders suffer their fifth straight loss of the season,"David Warner,Rovman Powell","Kuldeep Yadav,Mustafizur Rahman","Prithvi Shaw (UKN),David Warner (UKN),Mitchell Marsh (AR),Lalit Yadav (AR),Rishabh Pant (WK),Rovman Powell (UKN),Axar Patel (AR),Shardul Thakur (BL),Kuldeep Yadav (BL),Mustafizur Rahman (BL),Chetan Sakariya (BL)","Aaron Finch (UKN),Venkatesh Iyer (AR),Shreyas Iyer (UKN),Baba Indrajith (WK),Sunil Narine (AR),Nitish Rana (UKN),Andre Russell (AR),Rinku Singh (UKN),Umesh Yadav (BL),Tim Southee (BL),Harshit Rana (BL)","Nitish Rana,Shreyas Iyer","Umesh Yadav,Sunil Narine",28 April 2022 - night match (20-over match),Anil Chaudhary,Pashchim Pathak,Nitin Menon,Daniel Manohar,Akshay Totre
2022,1304088,Punjab Kings v Lucknow Super Giants,PBKS v LSG,"42nd Match (N), Indian Premier League at Pune, Apr 29 2022",PBKS,LSG,KXIP,BOWL FIRST,153/8,133/8,133/8,153/8,LSG,Super Giants won by 20 runs,2022-04-29T14:00Z,2022-04-30T23:59Z,545380,"Maharashtra Cricket Association Stadium, Pune",Mayank Agarwal,KL Rahul,Krunal Pandya,"Lucknow Super Giants 2, Punjab Kings 0",False,20,133,8,17,20,153,8,16,"Mohsin, Krunal help Lucknow Super Giants consolidate play-off position. Rabada's four-for in vain as Kings crash to fifth loss in nine games","Jonny Bairstow,Mayank Agarwal","Kagiso Rabada,Rahul Chahar","Mayank Agarwal (UKN),Shikhar Dhawan (UKN),Jonny Bairstow (UKN),Bhanuka Rajapaksa (UKN),Liam Livingstone (AR),Jitesh Sharma (WK),Rishi Dhawan (AR),Kagiso Rabada (BL),Rahul Chahar (BL),Arshdeep Singh (BL),Sandeep Sharma (BL)","Quinton de Kock (WK),KL Rahul (UKN),Deepak Hooda (AR),Krunal Pandya (AR),Marcus Stoinis (AR),Ayush Badoni (UKN),Jason Holder (AR),Dushmantha Chameera (BL),Mohsin Khan (BL),Avesh Khan (BL),Ravi Bishnoi (BL)","Quinton de Kock,Deepak Hooda","Mohsin Khan,Krunal Pandya",29 April 2022 - night match (20-over match),Ulhas Gandhe,Michael Gough,KN Ananthapadmanabhan,Narayanan Kutty,Vinod Seshan
2022,1304089,Gujarat Titans v Royal Challengers Bangalore,GT v RCB,"43rd Match (D/N), Indian Premier League at Mumbai, Apr 30 2022",GT,RCB,RCB,BAT FIRST,170/6,174/4,174/4,170/6,GT,Titans won by 6 wkts (3b rem),2022-04-30T10:00Z,2022-05-01T23:59Z,58317,"Brabourne Stadium, Mumbai",Hardik Pandya,Faf du Plessis,Rahul Tewatia,"Gujarat Titans 2, Royal Challengers Bangalore 0",False,19.3,174,4,22,20,170,6,22,"Expert finishing job from Tewatia, Miller takes Titans to eighth win in nine games. Despite modest total, RCB were in the game thanks to Shahbaz and Hasaranga, but fell well short in the end","Rahul Tewatia,David Miller","Pradeep Sangwan,Rashid Khan","Wriddhiman Saha (WK),Shubman Gill (UKN),Sai Sudharsan (UKN),Hardik Pandya (AR),David Miller (UKN),Rahul Tewatia (AR),Rashid Khan (BL),Pradeep Sangwan (BL),Alzarri Joseph (BL),Lockie Ferguson (BL),Mohammed Shami (BL)","Virat Kohli (UKN),Faf du Plessis (UKN),Rajat Patidar (UKN),Glenn Maxwell (AR),Dinesh Karthik (WK),Shahbaz Ahmed (AR),Mahipal Lomror (AR),Wanindu Hasaranga de Silva (AR),Harshal Patel (BL),Josh Hazlewood (BL),Mohammed Siraj (BL)","Virat Kohli,Rajat Patidar","Wanindu Hasaranga de Silva,Shahbaz Ahmed",30 April 2022 - day/night match (20-over match),Saiyed Khalid,Virender Sharma,Nitin Menon,Shakti Singh,Chirra Ravikanthreddy
2022,1304090,Rajasthan Royals v Mumbai Indians,RR v MI,"44th Match (N), Indian Premier League at Navi Mumbai, Apr 30 2022",RR,MI,MI,BOWL FIRST,158/6,161/5,158/6,161/5,MI,Mumbai won by 5 wkts (4b rem),2022-04-30T14:00Z,2022-05-01T23:59Z,343050,"Dr DY Patil Sports Academy, Navi Mumbai",Sanju Samson,Rohit Sharma,Suryakumar Yadav,"Mumbai Indians 2, Rajasthan Royals 0",False,20,158,6,19,19.2,161,5,19,New-face Kartikeya stars as Mumbai win on ninth try. Suryakumar steers chase with a fifty after Buttler's 67 had taken Royals to 158,"Jos Buttler,Ravichandran Ashwin","Ravichandran Ashwin,Trent Boult","Jos Buttler (UKN),Devdutt Padikkal (UKN),Sanju Samson (WK),Daryl Mitchell (AR),Shimron Hetmyer (UKN),Riyan Parag (UKN),Ravichandran Ashwin (AR),Trent Boult (BL),Prasidh Krishna (BL),Yuzvendra Chahal (BL),Kuldeep Sen (BL)","Rohit Sharma (UKN),Ishan Kishan (WK),Suryakumar Yadav (UKN),Tilak Varma (AR),Kieron Pollard (AR),Tim David (UKN),Daniel Sams (AR),Hrithik Shokeen (BL),Kumar Kartikeya (BL),Jasprit Bumrah (BL),Riley Meredith (BL)","Suryakumar Yadav,Tilak Varma","Riley Meredith,Hrithik Shokeen",30 April 2022 - night match (20-over match),Yeshwant Barde,Bruce Oxenford,Navdeep Singh,Manu Nayyar,Tapan Sharma
2022,1304091,Delhi Capitals v Lucknow Super Giants,DC v LSG,"45th Match (D/N), Indian Premier League at Mumbai, May 1 2022",DC,LSG,LSG,BAT FIRST,195/3,189/7,189/7,195/3,LSG,Super Giants won by 6 runs,2022-05-01T10:00Z,2022-05-02T23:59Z,58324,"Wankhede Stadium, Mumbai",Rishabh Pant,KL Rahul,Mohsin Khan,"Lucknow Super Giants 2, Delhi Capitals 0",False,20,189,7,26,20,195,3,22,"Mohsin Khan's four-for downs Delhi Capitals as Lucknow Super Giants continue to soar. Super Giants survive sloppy fielding effort after Rahul, Hooda fifties lifted them to 195","Rishabh Pant,Axar Patel","Shardul Thakur,Chetan Sakariya","Prithvi Shaw (UKN),David Warner (UKN),Mitchell Marsh (AR),Rishabh Pant (WK),Lalit Yadav (AR),Rovman Powell (UKN),Axar Patel (AR),Shardul Thakur (BL),Kuldeep Yadav (BL),Mustafizur Rahman (BL),Chetan Sakariya (BL)","Quinton de Kock (WK),KL Rahul (UKN),Deepak Hooda (AR),Marcus Stoinis (AR),Krunal Pandya (AR),Ayush Badoni (UKN),Jason Holder (AR),Mohsin Khan (BL),Krishnappa Gowtham (AR),Dushmantha Chameera (BL),Ravi Bishnoi (BL)","KL Rahul,Deepak Hooda","Mohsin Khan,Krishnappa Gowtham",1 May 2022 - day/night match (20-over match),Chris Gaffaney,Chirra Ravikanthreddy,Pashchim Pathak,Prakash Bhatt,Akshay Totre
2022,1304092,Sunrisers Hyderabad v Chennai Super Kings,SRH v CSK,"46th Match (N), Indian Premier League at Pune, May 1 2022",SRH,CSK,SRH,BOWL FIRST,202/2,189/6,189/6,202/2,CSK,Super Kings won by 13 runs,2022-05-01T14:00Z,2022-05-02T23:59Z,545380,"Maharashtra Cricket Association Stadium, Pune",Kane Williamson,MS Dhoni,Ruturaj Gaikwad,"Chennai Super Kings 2, Sunrisers Hyderabad 0",False,20,189,6,22,20,202,2,25,"Ruturaj Gaikwad, Devon Conway, Mukesh Choudhary sink Sunrisers Hyderabad. CSK defend 202 to wrap up third win on Dhoni's return to captaincy","Nicholas Pooran,Kane Williamson","T Natarajan,Shashank Singh","Abhishek Sharma (AR),Kane Williamson (UKN),Rahul Tripathi (UKN),Aiden Markram (UKN),Nicholas Pooran (WK),Shashank Singh (AR),Washington Sundar (AR),Marco Jansen (AR),Bhuvneshwar Kumar (BL),T Natarajan (BL),Umran Malik (BL)","Ruturaj Gaikwad (UKN),Devon Conway (UKN),MS Dhoni (WK),Ravindra Jadeja (AR),Robin Uthappa (UKN),Ambati Rayudu (UKN),Simarjeet Singh (BL),Mitchell Santner (AR),Dwaine Pretorius (AR),Mukesh Choudhary (BL),Maheesh Theekshana (BL)","Ruturaj Gaikwad,Devon Conway","Mukesh Choudhary,Mitchell Santner",1 May 2022 - night match (20-over match),KN Ananthapadmanabhan,Anil Chaudhary,Michael Gough,Narayanan Kutty,Saidharshan Kumar
2022,1304093,Kolkata Knight Riders v Rajasthan Royals,KKR v RR,"47th Match (N), Indian Premier League at Mumbai, May 2 2022",KKR,RR,KKR,BOWL FIRST,152/5,158/3,158/3,152/5,KKR,KKR won by 7 wkts (5b rem),2022-05-02T14:00Z,2022-05-03T23:59Z,58324,"Wankhede Stadium, Mumbai",Shreyas Iyer,Sanju Samson,Rinku Singh,"Kolkata Knight Riders 2, Rajasthan Royals 0",False,19.1,158,3,18,20,152,5,18,"Rinku and Rana steer KKR home in tricky chase. Sanju Samson scored a half-century for Royals, but struggled to cut loose on a slow Wankhede pitch","Nitish Rana,Rinku Singh","Tim Southee,Umesh Yadav","Baba Indrajith (WK),Aaron Finch (UKN),Shreyas Iyer (UKN),Nitish Rana (UKN),Rinku Singh (UKN),Anukul Roy (AR),Andre Russell (AR),Sunil Narine (AR),Umesh Yadav (BL),Tim Southee (BL),Shivam Mavi (AR)","Jos Buttler (UKN),Devdutt Padikkal (UKN),Sanju Samson (WK),Karun Nair (UKN),Riyan Parag (UKN),Shimron Hetmyer (UKN),Ravichandran Ashwin (AR),Trent Boult (BL),Prasidh Krishna (BL),Yuzvendra Chahal (BL),Kuldeep Sen (BL)","Sanju Samson,Shimron Hetmyer","Trent Boult,Kuldeep Sen",2 May 2022 - night match (20-over match),Jayaraman Madanagopal,Nitin Pandit,Chris Gaffaney,Shakti Singh,Tapan Sharma
2022,1304094,Gujarat Titans v Punjab Kings,GT v PBKS,"48th Match (N), Indian Premier League at Navi Mumbai, May 3 2022",GT,PBKS,GT,BAT FIRST,143/8,145/2,143/8,145/2,PBKS,Punjab Kings won by 8 wkts (24b rem),2022-05-03T14:00Z,2022-05-04T23:59Z,343050,"Dr DY Patil Sports Academy, Navi Mumbai",Hardik Pandya,Mayank Agarwal,Kagiso Rabada,"Punjab Kings 2, Gujarat Titans 0",False,20,143,8,13,16,145,2,20,"Rabada, Dhawan, Livingstone give Punjab Kings NRR-boosting win. Table-toppers Titans struggled with the bat as Rabada's four-for kept them to just 143","Sai Sudharsan,Wriddhiman Saha","Lockie Ferguson,Mohammed Shami","Wriddhiman Saha (WK),Shubman Gill (UKN),Sai Sudharsan (UKN),Hardik Pandya (AR),David Miller (UKN),Rahul Tewatia (AR),Rashid Khan (BL),Pradeep Sangwan (BL),Lockie Ferguson (BL),Alzarri Joseph (BL),Mohammed Shami (BL)","Jonny Bairstow (UKN),Shikhar Dhawan (UKN),Bhanuka Rajapaksa (UKN),Liam Livingstone (AR),Mayank Agarwal (UKN),Jitesh Sharma (WK),Rishi Dhawan (AR),Kagiso Rabada (BL),Rahul Chahar (BL),Arshdeep Singh (BL),Sandeep Sharma (BL)","Shikhar Dhawan,Bhanuka Rajapaksa","Kagiso Rabada,Liam Livingstone",3 May 2022 - night match (20-over match),Rohan Pandit,Virender Sharma,Saiyed Khalid,Daniel Manohar,Ulhas Gandhe
2022,1304095,Royal Challengers Bangalore v Chennai Super Kings,RCB v CSK,"49th Match (N), Indian Premier League at Pune, May 4 2022",RCB,CSK,CSK,BOWL FIRST,173/8,160/8,173/8,160/8,RCB,RCB won by 13 runs,2022-05-04T14:00Z,2022-05-05T23:59Z,545380,"Maharashtra Cricket Association Stadium, Pune",Faf du Plessis,MS Dhoni,Harshal Patel,"Royal Challengers Bangalore 2, Chennai Super Kings 0",False,20,173,8,19,20,160,8,20,Sharp bowling show lifts Royal Challengers Bangalore into top four. Super Kings lose their way after 54-run opening stand to leave their playoffs hopes hanging by a thread,"Mahipal Lomror,Faf du Plessis","Harshal Patel,Glenn Maxwell","Virat Kohli (UKN),Faf du Plessis (UKN),Glenn Maxwell (AR),Mahipal Lomror (AR),Rajat Patidar (UKN),Dinesh Karthik (WK),Wanindu Hasaranga de Silva (AR),Shahbaz Ahmed (AR),Harshal Patel (BL),Mohammed Siraj (BL),Josh Hazlewood (BL)","Ruturaj Gaikwad (UKN),Devon Conway (UKN),Robin Uthappa (UKN),Ambati Rayudu (UKN),Moeen Ali (AR),Ravindra Jadeja (AR),MS Dhoni (WK),Dwaine Pretorius (AR),Simarjeet Singh (BL),Maheesh Theekshana (BL),Mukesh Choudhary (BL)","Devon Conway,Moeen Ali","Maheesh Theekshana,Moeen Ali",4 May 2022 - night match (20-over match),KN Ananthapadmanabhan,Michael Gough,Anil Chaudhary,Narayanan Kutty,Vinod Seshan
2022,1304096,Delhi Capitals v Sunrisers Hyderabad,DC v SRH,"50th Match (N), Indian Premier League at Mumbai, May 5 2022",DC,SRH,SRH,BOWL FIRST,207/3,186/8,207/3,186/8,DC,Capitals won by 21 runs,2022-05-05T14:00Z,2022-05-06T23:59Z,58317,"Brabourne Stadium, Mumbai",Rishabh Pant,Kane Williamson,David Warner,"Delhi Capitals 2, Sunrisers Hyderabad 0",False,20,207,3,30,20,186,8,27,"Warner, Powell power Capitals convincingly past Sunrisers. Third defeat in a row for Sunrisers, who fall 21 short of target of 208","David Warner,Rovman Powell","Khaleel Ahmed,Shardul Thakur","Mandeep Singh (AR),David Warner (UKN),Mitchell Marsh (AR),Rishabh Pant (WK),Rovman Powell (UKN),Lalit Yadav (AR),Ripal Patel (UKN),Shardul Thakur (BL),Kuldeep Yadav (BL),Anrich Nortje (BL),Khaleel Ahmed (BL)","Abhishek Sharma (AR),Kane Williamson (UKN),Rahul Tripathi (UKN),Aiden Markram (UKN),Nicholas Pooran (WK),Shashank Singh (AR),Sean Abbott (AR),Shreyas Gopal (AR),Kartik Tyagi (BL),Bhuvneshwar Kumar (BL),Umran Malik (BL)","Nicholas Pooran,Aiden Markram","Bhuvneshwar Kumar,Shreyas Gopal",5 May 2022 - night match (20-over match),Navdeep Singh,Nikhil Patwardhan,Nitin Menon,Shakti Singh,Nitin Pandit
2022,1304097,Gujarat Titans v Mumbai Indians,GT v MI,"51st Match (N), Indian Premier League at Mumbai, May 6 2022",GT,MI,GT,BOWL FIRST,177/6,172/5,172/5,177/6,MI,Mumbai won by 5 runs,2022-05-06T14:00Z,2022-05-07T23:59Z,58317,"Brabourne Stadium, Mumbai",Hardik Pandya,Rohit Sharma,Tim David,"Mumbai Indians 2, Gujarat Titans 0",False,20,172,5,24,20,177,6,22,"Sams defends eight in last over after Rohit, David knocks. Gujarat Titans fell short in the last over and lost their second game in a row","Wriddhiman Saha,Shubman Gill","Rashid Khan,Pradeep Sangwan","Wriddhiman Saha (WK),Shubman Gill (UKN),Hardik Pandya (AR),Sai Sudharsan (UKN),David Miller (UKN),Rahul Tewatia (AR),Rashid Khan (BL),Pradeep Sangwan (BL),Lockie Ferguson (BL),Alzarri Joseph (BL),Mohammed Shami (BL)","Ishan Kishan (WK),Rohit Sharma (UKN),Suryakumar Yadav (UKN),Tilak Varma (AR),Kieron Pollard (AR),Tim David (UKN),Daniel Sams (AR),Murugan Ashwin (BL),Kumar Kartikeya (BL),Jasprit Bumrah (BL),Riley Meredith (BL)","Ishan Kishan,Tim David","Murugan Ashwin,Kieron Pollard",6 May 2022 - night match (20-over match),Jayaraman Madanagopal,Sadashiv Iyer,Bruce Oxenford,Manu Nayyar,Rohan Pandit
2022,1304098,Punjab Kings v Rajasthan Royals,PBKS v RR,"52nd Match (D/N), Indian Premier League at Mumbai, May 7 2022",PBKS,RR,KXIP,BAT FIRST,189/5,190/4,189/5,190/4,RR,Royals won by 6 wkts (2b rem),2022-05-07T10:00Z,2022-05-08T23:59Z,58324,"Wankhede Stadium, Mumbai",Mayank Agarwal,Sanju Samson,Yashasvi Jaiswal,"Rajasthan Royals 2, Punjab Kings 0",False,20,189,5,27,19.4,190,4,29,"Jaiswal 68, Hetmyer finishing job keep Royals in third place. Kings had put up a competitive total thanks to Jonny Bairstow, Jitesh Sharma and Liam Livingstone despite Yuzvendra Chahal's three-for","Jonny Bairstow,Jitesh Sharma","Arshdeep Singh,Rishi Dhawan","Jonny Bairstow (UKN),Shikhar Dhawan (UKN),Bhanuka Rajapaksa (UKN),Mayank Agarwal (UKN),Jitesh Sharma (WK),Liam Livingstone (AR),Rishi Dhawan (AR),Kagiso Rabada (BL),Rahul Chahar (BL),Arshdeep Singh (BL),Sandeep Sharma (BL)","Yashasvi Jaiswal (UKN),Jos Buttler (UKN),Sanju Samson (WK),Devdutt Padikkal (UKN),Shimron Hetmyer (UKN),Riyan Parag (UKN),Ravichandran Ashwin (AR),Trent Boult (BL),Prasidh Krishna (BL),Yuzvendra Chahal (BL),Kuldeep Sen (BL)","Yashasvi Jaiswal,Shimron Hetmyer","Yuzvendra Chahal,Ravichandran Ashwin",7 May 2022 - day/night match (20-over match),Yeshwant Barde,Chirra Ravikanthreddy,Chris Gaffaney,Prakash Bhatt,Ulhas Gandhe
2022,1304099,Lucknow Super Giants v Kolkata Knight Riders,LSG v KKR,"53rd Match (N), Indian Premier League at Pune, May 7 2022",LSG,KKR,KKR,BOWL FIRST,176/7,101,176/7,101,LSG,Super Giants won by 75 runs,2022-05-07T14:00Z,2022-05-08T23:59Z,545380,"Maharashtra Cricket Association Stadium, Pune",KL Rahul,Shreyas Iyer,Avesh Khan,"Lucknow Super Giants 2, Kolkata Knight Riders 0",False,20,176,7,21,14.3,101,10,14,"KKR routed for 101 as Lucknow Super GiantsÂ go top. Mohsin, Chameera, Holder and Avesh ambush KKR with the short ball","Quinton de Kock,Deepak Hooda","Avesh Khan,Jason Holder","Quinton de Kock (WK),KL Rahul (UKN),Deepak Hooda (AR),Krunal Pandya (AR),Ayush Badoni (UKN),Marcus Stoinis (AR),Jason Holder (AR),Dushmantha Chameera (BL),Avesh Khan (BL),Mohsin Khan (BL),Ravi Bishnoi (BL)","Baba Indrajith (WK),Aaron Finch (UKN),Shreyas Iyer (UKN),Nitish Rana (UKN),Rinku Singh (UKN),Andre Russell (AR),Sunil Narine (AR),Anukul Roy (AR),Shivam Mavi (AR),Tim Southee (BL),Harshit Rana (BL)","Andre Russell,Sunil Narine","Andre Russell,Sunil Narine",7 May 2022 - night match (20-over match),Anil Chaudhary,Michael Gough,KN Ananthapadmanabhan,Narayanan Kutty,Saidharshan Kumar
2022,1304100,Sunrisers Hyderabad v Royal Challengers Bangalore,SRH v RCB,"54th Match (D/N), Indian Premier League at Mumbai, May 8 2022",SRH,RCB,RCB,BAT FIRST,192/3,125,125,192/3,RCB,RCB won by 67 runs,2022-05-08T10:00Z,2022-05-09T23:59Z,58324,"Wankhede Stadium, Mumbai",Kane Williamson,Faf du Plessis,Wanindu Hasaranga de Silva,"Royal Challengers Bangalore 2, Sunrisers Hyderabad 0",False,19.2,125,10,15,20,192,3,26,"Faf du Plessis' 73*, Wanindu Hasaranga's five-for crush Sunrisers Hyderabad. The win helps Royal Challengers Bangalore consolidate fourth position on the points table","Rahul Tripathi,Aiden Markram","Jagadeesha Suchith,Kartik Tyagi","Abhishek Sharma (AR),Kane Williamson (UKN),Rahul Tripathi (UKN),Aiden Markram (UKN),Nicholas Pooran (WK),Jagadeesha Suchith (BL),Shashank Singh (AR),Kartik Tyagi (BL),Bhuvneshwar Kumar (BL),Umran Malik (BL),Fazalhaq Farooqi (BL)","Virat Kohli (UKN),Faf du Plessis (UKN),Rajat Patidar (UKN),Glenn Maxwell (AR),Dinesh Karthik (WK),Mahipal Lomror (AR),Shahbaz Ahmed (AR),Wanindu Hasaranga de Silva (AR),Harshal Patel (BL),Josh Hazlewood (BL),Mohammed Siraj (BL)","Faf du Plessis,Rajat Patidar","Wanindu Hasaranga de Silva,Josh Hazlewood",8 May 2022 - day/night match (20-over match),Bruce Oxenford,Nitin Pandit,Pashchim Pathak,Shakti Singh,Akshay Totre
2022,1304101,Chennai Super Kings v Delhi Capitals,CSK v DC,"55th Match (N), Indian Premier League at Navi Mumbai, May 8 2022",CSK,DC,DC,BOWL FIRST,208/6,117,208/6,117,CSK,Super Kings won by 91 runs,2022-05-08T14:00Z,2022-05-09T23:59Z,343050,"Dr DY Patil Sports Academy, Navi Mumbai",MS Dhoni,Rishabh Pant,Devon Conway,"Chennai Super Kings 2, Delhi Capitals 0",False,20,208,6,27,17.4,117,10,17,"Conway, Moeen boss Delhi Capitals as Chennai Super Kings move out of bottom two. The 91-run defeat hurts Capitals' net run-rate and puts their playoff chances in doubt","Devon Conway,Ruturaj Gaikwad","Moeen Ali,Mukesh Choudhary","Ruturaj Gaikwad (UKN),Devon Conway (UKN),Shivam Dube (AR),Ambati Rayudu (UKN),MS Dhoni (WK),Moeen Ali (AR),Robin Uthappa (UKN),Dwayne Bravo (AR),Simarjeet Singh (BL),Maheesh Theekshana (BL),Mukesh Choudhary (BL)","David Warner (UKN),Srikar Bharat (UKN),Mitchell Marsh (AR),Rishabh Pant (WK),Rovman Powell (UKN),Ripal Patel (UKN),Axar Patel (AR),Shardul Thakur (BL),Kuldeep Yadav (BL),Anrich Nortje (BL),Khaleel Ahmed (BL)","Mitchell Marsh,Shardul Thakur","Anrich Nortje,Khaleel Ahmed",8 May 2022 - night match (20-over match),Nitin Menon,Rohan Pandit,Saiyed Khalid,Manu Nayyar,Tapan Sharma
2022,1304102,Mumbai Indians v Kolkata Knight Riders,MI v KKR,"56th Match (N), Indian Premier League at Navi Mumbai, May 9 2022",MI,KKR,MI,BOWL FIRST,165/9,113,113,165/9,KKR,KKR won by 52 runs,2022-05-09T14:00Z,2022-05-10T23:59Z,343050,"Dr DY Patil Sports Academy, Navi Mumbai",Rohit Sharma,Shreyas Iyer,Jasprit Bumrah,"Kolkata Knight Riders 2, Mumbai Indians 0",False,17.3,113,10,11,20,165,9,22,Cummins stuns Mumbai again as Bumrah's five-for goes in vain. Mumbai lost their last eight wickets for 44 runs and suffered their ninth loss in 11 games,"Ishan Kishan,Kieron Pollard","Jasprit Bumrah,Kumar Kartikeya","Rohit Sharma (UKN),Ishan Kishan (WK),Tilak Varma (AR),Ramandeep Singh (UKN),Tim David (UKN),Kieron Pollard (AR),Daniel Sams (AR),Murugan Ashwin (BL),Kumar Kartikeya (BL),Jasprit Bumrah (BL),Riley Meredith (BL)","Venkatesh Iyer (AR),Ajinkya Rahane (UKN),Nitish Rana (UKN),Shreyas Iyer (UKN),Andre Russell (AR),Rinku Singh (UKN),Sheldon Jackson (WK),Pat Cummins (BL),Sunil Narine (AR),Tim Southee (BL),Varun Chakravarthy (BL)","Venkatesh Iyer,Nitish Rana","Pat Cummins,Andre Russell",9 May 2022 - night match (20-over match),Chris Gaffaney,Sadashiv Iyer,Bruce Oxenford,Prakash Bhatt,Chirra Ravikanthreddy
2022,1304103,Lucknow Super Giants v Gujarat Titans,LSG v GT,"57th Match (N), Indian Premier League at Pune, May 10 2022",LSG,GT,GT,BAT FIRST,144/4,82,82,144/4,GT,Titans won by 62 runs,2022-05-10T14:00Z,2022-05-11T23:59Z,545380,"Maharashtra Cricket Association Stadium, Pune",KL Rahul,Hardik Pandya,Shubman Gill,"Gujarat Titans 2, Lucknow Super Giants 0",False,13.5,82,10,10,20,144,4,16,"Gill 63*, Rashid four-for lead Gujarat Titans to playoffs. Super Giants crumble against spin and stay in second position","Deepak Hooda,Avesh Khan","Avesh Khan,Mohsin Khan","Quinton de Kock (WK),KL Rahul (UKN),Deepak Hooda (AR),Karan Sharma (AR),Krunal Pandya (AR),Ayush Badoni (UKN),Marcus Stoinis (AR),Jason Holder (AR),Mohsin Khan (BL),Dushmantha Chameera (BL),Avesh Khan (BL)","Wriddhiman Saha (WK),Shubman Gill (UKN),Matthew Wade (UKN),Hardik Pandya (AR),David Miller (UKN),Rahul Tewatia (AR),Rashid Khan (BL),Ravisrinivasan Sai Kishore (BL),Alzarri Joseph (BL),Yash Dayal (BL),Mohammed Shami (BL)","Shubman Gill,David Miller","Rashid Khan,Ravisrinivasan Sai Kishore",10 May 2022 - night match (20-over match),KN Ananthapadmanabhan,Michael Gough,Anil Chaudhary,Narayanan Kutty,Vinod Seshan
2022,1304104,Rajasthan Royals v Delhi Capitals,RR v DC,"58th Match (N), Indian Premier League at Navi Mumbai, May 11 2022",RR,DC,DC,BOWL FIRST,160/6,161/2,160/6,161/2,DC,Capitals won by 8 wkts (11b rem),2022-05-11T14:00Z,2022-05-12T23:59Z,343050,"Dr DY Patil Sports Academy, Navi Mumbai",Sanju Samson,Rishabh Pant,Mitchell Marsh,"Delhi Capitals 2, Rajasthan Royals 0",False,20,160,6,20,18.1,161,2,20,"Strong bowling, Marsh, Warner keep Capitals in mid-table joust. They continue to be fifth on the table, just behind Rajasthan Royals and Royal Challengers Bangalore","Ravichandran Ashwin,Devdutt Padikkal","Trent Boult,Yuzvendra Chahal","Yashasvi Jaiswal (UKN),Jos Buttler (UKN),Ravichandran Ashwin (AR),Devdutt Padikkal (UKN),Sanju Samson (WK),Riyan Parag (UKN),Rassie van der Dussen (UKN),Trent Boult (BL),Prasidh Krishna (BL),Yuzvendra Chahal (BL),Kuldeep Sen (BL)","Srikar Bharat (UKN),David Warner (UKN),Mitchell Marsh (AR),Rishabh Pant (WK),Rovman Powell (UKN),Lalit Yadav (AR),Axar Patel (AR),Shardul Thakur (BL),Kuldeep Yadav (BL),Anrich Nortje (BL),Chetan Sakariya (BL)","Mitchell Marsh,David Warner","Chetan Sakariya,Mitchell Marsh",11 May 2022 - night match (20-over match),Nitin Menon,Nikhil Patwardhan,Virender Sharma,Manu Nayyar,Tapan Sharma
2022,1304105,Chennai Super Kings v Mumbai Indians,CSK v MI,"59th Match (N), Indian Premier League at Mumbai, May 12 2022",CSK,MI,MI,BOWL FIRST,97,103/5,97,103/5,MI,Mumbai won by 5 wkts (31b rem),2022-05-12T14:00Z,2022-05-13T23:59Z,58324,"Wankhede Stadium, Mumbai",MS Dhoni,Rohit Sharma,Daniel Sams,"Mumbai Indians 2, Chennai Super Kings 0",False,16,97,10,12,14.5,103,5,13,"Sams, Meredith lead rout of Chennai Super Kings. Nervy Mumbai complete a small chase to snuff out Super Kings' hopes of sneaking into the playoffs","MS Dhoni,Dwayne Bravo","Mukesh Choudhary,Moeen Ali","Ruturaj Gaikwad (UKN),Devon Conway (UKN),Moeen Ali (AR),Robin Uthappa (UKN),Ambati Rayudu (UKN),MS Dhoni (WK),Shivam Dube (AR),Dwayne Bravo (AR),Simarjeet Singh (BL),Maheesh Theekshana (BL),Mukesh Choudhary (BL)","Ishan Kishan (WK),Rohit Sharma (UKN),Daniel Sams (AR),Tilak Varma (AR),Tristan Stubbs (UKN),Hrithik Shokeen (BL),Tim David (UKN),Ramandeep Singh (UKN),Jasprit Bumrah (BL),Riley Meredith (BL),Kumar Kartikeya (BL)","Tilak Varma,Rohit Sharma","Daniel Sams,Kumar Kartikeya",12 May 2022 - night match (20-over match),Chris Gaffaney,Chirra Ravikanthreddy,Nitin Menon,Shakti Singh,Akshay Totre
2022,1304106,Royal Challengers Bangalore v Punjab Kings,RCB v PBKS,"60th Match (N), Indian Premier League at Mumbai, May 13 2022",RCB,PBKS,RCB,BOWL FIRST,209/9,155/9,155/9,209/9,PBKS,Punjab Kings won by 54 runs,2022-05-13T14:00Z,2022-05-14T23:59Z,58317,"Brabourne Stadium, Mumbai",Faf du Plessis,Mayank Agarwal,Jonny Bairstow,"Punjab Kings 2, Royal Challengers Bangalore 0",False,20,155,9,18,20,209,9,30,"Livingstone, Bairstow set up winning total for Kings. Kagiso Rabada then finishes the job, taking 3 for 21 to derail Royal Challengers' chase","Glenn Maxwell,Rajat Patidar","Harshal Patel,Wanindu Hasaranga de Silva","Virat Kohli (UKN),Faf du Plessis (UKN),Rajat Patidar (UKN),Mahipal Lomror (AR),Glenn Maxwell (AR),Dinesh Karthik (WK),Shahbaz Ahmed (AR),Harshal Patel (BL),Wanindu Hasaranga de Silva (AR),Mohammed Siraj (BL),Josh Hazlewood (BL)","Jonny Bairstow (UKN),Shikhar Dhawan (UKN),Bhanuka Rajapaksa (UKN),Liam Livingstone (AR),Mayank Agarwal (UKN),Jitesh Sharma (WK),Harpreet Brar (BL),Rishi Dhawan (AR),Rahul Chahar (BL),Kagiso Rabada (BL),Arshdeep Singh (BL)","Liam Livingstone,Jonny Bairstow","Kagiso Rabada,Rishi Dhawan",13 May 2022 - night match (20-over match),Jayaraman Madanagopal,Nitin Pandit,Navdeep Singh,Javagal Srinath,Vinod Seshan
2022,1304107,Kolkata Knight Riders v Sunrisers Hyderabad,KKR v SRH,"61st Match (N), Indian Premier League at Pune, May 14 2022",KKR,SRH,KKR,BAT FIRST,177/6,123/8,177/6,123/8,KKR,KKR won by 54 runs,2022-05-14T14:00Z,2022-05-15T23:59Z,545380,"Maharashtra Cricket Association Stadium, Pune",Shreyas Iyer,Kane Williamson,Andre Russell,"Kolkata Knight Riders 2, Sunrisers Hyderabad 0",False,20,177,6,21,20,123,8,13,Russell's 49* and three wickets keep Knight Riders' hopes alive. A 54-run win gave Knight Riders a healthy NRR boost while leaving Sunrisers on the brink of elimination,"Andre Russell,Sam Billings","Andre Russell,Tim Southee","Venkatesh Iyer (AR),Ajinkya Rahane (UKN),Nitish Rana (UKN),Shreyas Iyer (UKN),Sam Billings (WK),Rinku Singh (UKN),Andre Russell (AR),Sunil Narine (AR),Umesh Yadav (BL),Tim Southee (BL),Varun Chakravarthy (BL)","Abhishek Sharma (AR),Kane Williamson (UKN),Rahul Tripathi (UKN),Aiden Markram (UKN),Nicholas Pooran (WK),Washington Sundar (AR),Shashank Singh (AR),Marco Jansen (AR),Bhuvneshwar Kumar (BL),Umran Malik (BL),T Natarajan (BL)","Abhishek Sharma,Aiden Markram","Umran Malik,Bhuvneshwar Kumar",14 May 2022 - night match (20-over match),KN Ananthapadmanabhan,Anil Chaudhary,Michael Gough,Narayanan Kutty,Saidharshan Kumar
2022,1304108,Chennai Super Kings v Gujarat Titans,CSK v GT,"62nd Match (D/N), Indian Premier League at Mumbai, May 15 2022",CSK,GT,CSK,BAT FIRST,133/5,137/3,133/5,137/3,GT,Titans won by 7 wkts (5b rem),2022-05-15T10:00Z,2022-05-16T23:59Z,58324,"Wankhede Stadium, Mumbai",MS Dhoni,Hardik Pandya,Wriddhiman Saha,"Gujarat Titans 2, Chennai Super Kings 0",False,20,133,5,11,19.1,137,3,16,Shami and Saha lead the way as Titans ensure top-two finish. An inexperienced CSK side chose to bat and limped to 133 despite only losing five wickets,"Ruturaj Gaikwad,Narayan Jagadeesan","Matheesha Pathirana,Moeen Ali","Ruturaj Gaikwad (UKN),Devon Conway (UKN),Moeen Ali (AR),Narayan Jagadeesan (UKN),Shivam Dube (AR),MS Dhoni (WK),Mitchell Santner (AR),Prashant Solanki (BL),Simarjeet Singh (BL),Matheesha Pathirana (BL),Mukesh Choudhary (BL)","Wriddhiman Saha (WK),Shubman Gill (UKN),Matthew Wade (UKN),Hardik Pandya (AR),David Miller (UKN),Rahul Tewatia (AR),Rashid Khan (BL),Ravisrinivasan Sai Kishore (BL),Alzarri Joseph (BL),Yash Dayal (BL),Mohammed Shami (BL)","Wriddhiman Saha,Matthew Wade","Mohammed Shami,Alzarri Joseph",15 May 2022 - day/night match (20-over match),Rohan Pandit,Virender Sharma,Chris Gaffaney,Javagal Srinath,Nikhil Patwardhan
2022,1304109,Lucknow Super Giants v Rajasthan Royals,LSG v RR,"63rd Match (N), Indian Premier League at Mumbai, May 15 2022",LSG,RR,RR,BAT FIRST,178/6,154/8,154/8,178/6,RR,Royals won by 24 runs,2022-05-15T14:00Z,2022-05-16T23:59Z,58317,"Brabourne Stadium, Mumbai",KL Rahul,Sanju Samson,Trent Boult,"Rajasthan Royals 2, Lucknow Super Giants 0",False,20,154,8,15,20,178,6,26,"Padikkal, Boult and Ashwin help Royals leapfrog Super Giants to No. 2. Deepak Hooda's 39-ball 59 went in vain as Super Giants fell short in a chase of 179","Deepak Hooda,Marcus Stoinis","Ravi Bishnoi,Ayush Badoni","Quinton de Kock (WK),KL Rahul (UKN),Ayush Badoni (UKN),Deepak Hooda (AR),Krunal Pandya (AR),Marcus Stoinis (AR),Jason Holder (AR),Dushmantha Chameera (BL),Mohsin Khan (BL),Avesh Khan (BL),Ravi Bishnoi (BL)","Yashasvi Jaiswal (UKN),Jos Buttler (UKN),Sanju Samson (WK),Devdutt Padikkal (UKN),Riyan Parag (UKN),James Neesham (AR),Ravichandran Ashwin (AR),Trent Boult (BL),Prasidh Krishna (BL),Yuzvendra Chahal (BL),Obed McCoy (BL)","Yashasvi Jaiswal,Devdutt Padikkal","Trent Boult,Prasidh Krishna",15 May 2022 - night match (20-over match),Pashchim Pathak,Tapan Sharma,Bruce Oxenford,Prakash Bhatt,Yeshwant Barde
2022,1304110,Punjab Kings v Delhi Capitals,PBKS v DC,"64th Match (N), Indian Premier League at Navi Mumbai, May 16 2022",PBKS,DC,KXIP,BOWL FIRST,159/7,142/9,142/9,159/7,DC,Capitals won by 17 runs,2022-05-16T14:00Z,2022-05-17T23:59Z,343050,"Dr DY Patil Sports Academy, Navi Mumbai",Mayank Agarwal,Rishabh Pant,Shardul Thakur,"Delhi Capitals 2, Punjab Kings 0",False,20,142,9,18,20,159,7,18,"Marsh, Thakur, spin duo lift Capitals to fourth spot. Kuldeep, Axar share four wickets; Punjab Kings need a miracle to make the playoffs","Jitesh Sharma,Jonny Bairstow","Liam Livingstone,Arshdeep Singh","Jonny Bairstow (UKN),Shikhar Dhawan (UKN),Bhanuka Rajapaksa (UKN),Liam Livingstone (AR),Mayank Agarwal (UKN),Jitesh Sharma (WK),Harpreet Brar (BL),Rishi Dhawan (AR),Rahul Chahar (BL),Kagiso Rabada (BL),Arshdeep Singh (BL)","David Warner (UKN),Sarfaraz Khan (UKN),Mitchell Marsh (AR),Lalit Yadav (AR),Rishabh Pant (WK),Rovman Powell (UKN),Axar Patel (AR),Shardul Thakur (BL),Kuldeep Yadav (BL),Anrich Nortje (BL),Khaleel Ahmed (BL)","Mitchell Marsh,Sarfaraz Khan","Shardul Thakur,Axar Patel",16 May 2022 - night match (20-over match),Nitin Menon,Sadashiv Iyer,Michael Gough,Prakash Bhatt,Navdeep Singh
2022,1304111,Mumbai Indians v Sunrisers Hyderabad,MI v SRH,"65th Match (N), Indian Premier League at Mumbai, May 17 2022",MI,SRH,MI,BOWL FIRST,193/6,190/7,190/7,193/6,SRH,Sunrisers won by 3 runs,2022-05-17T14:00Z,2022-05-18T23:59Z,58324,"Wankhede Stadium, Mumbai",Rohit Sharma,Kane Williamson,Rahul Tripathi,"Sunrisers Hyderabad 2, Mumbai Indians 0",False,20,190,7,23,20,193,6,25,"Tripathi and Malik keep Sunrisers alive, but only just. Mumbai came close with Tim David's 18-ball 46, but fell short, and are now favourites to finish with the wooden spoon","Rohit Sharma,Tim David","Ramandeep Singh,Jasprit Bumrah","Rohit Sharma (UKN),Ishan Kishan (WK),Daniel Sams (AR),Tilak Varma (AR),Tim David (UKN),Tristan Stubbs (UKN),Ramandeep Singh (UKN),Sanjay Yadav (AR),Jasprit Bumrah (BL),Mayank Markande (BL),Riley Meredith (BL)","Abhishek Sharma (AR),Priyam Garg (UKN),Rahul Tripathi (UKN),Nicholas Pooran (WK),Aiden Markram (UKN),Kane Williamson (UKN),Washington Sundar (AR),Bhuvneshwar Kumar (BL),Umran Malik (BL),T Natarajan (BL),Fazalhaq Farooqi (BL)","Rahul Tripathi,Priyam Garg","Umran Malik,Bhuvneshwar Kumar",17 May 2022 - night match (20-over match),Chris Gaffaney,Nitin Pandit,Navdeep Singh,Javagal Srinath,Saiyed Khalid
2022,1304112,Kolkata Knight Riders v Lucknow Super Giants,KKR v LSG,"66th Match (N), Indian Premier League at Navi Mumbai, May 18 2022",KKR,LSG,LSG,BAT FIRST,210/0,208/8,208/8,210/0,LSG,Super Giants won by 2 runs,2022-05-18T14:00Z,2022-05-19T23:59Z,343050,"Dr DY Patil Sports Academy, Navi Mumbai",Shreyas Iyer,KL Rahul,Quinton de Kock,"Lucknow Super Giants 2, Kolkata Knight Riders 0",False,20,208,8,31,20,210,0,27,Quinton de Kock and Mohsin Khan knock KKR out in last-ball thriller. Super Giants move into plsyoffs after Rinku and Narine's sixer storm ends agonisingly short of victory,"Shreyas Iyer,Nitish Rana","Tim Southee,Andre Russell","Venkatesh Iyer (AR),Abhijeet Tomar (UKN),Nitish Rana (UKN),Shreyas Iyer (UKN),Sam Billings (WK),Andre Russell (AR),Rinku Singh (UKN),Sunil Narine (AR),Umesh Yadav (BL),Tim Southee (BL),Varun Chakravarthy (BL)","Quinton de Kock (WK),KL Rahul (UKN),Evin Lewis (UKN),Deepak Hooda (AR),Manan Vohra (UKN),Marcus Stoinis (AR),Jason Holder (AR),Krishnappa Gowtham (AR),Mohsin Khan (BL),Avesh Khan (BL),Ravi Bishnoi (BL)","Quinton de Kock,KL Rahul","Mohsin Khan,Marcus Stoinis",18 May 2022 - night match (20-over match),Yeshwant Barde,Rohan Pandit,Bruce Oxenford,Manu Nayyar,Nikhil Patwardhan
2022,1304113,Royal Challengers Bangalore v Gujarat Titans,RCB v GT,"67th Match (N), Indian Premier League at Mumbai, May 19 2022",RCB,GT,GT,BAT FIRST,168/5,170/2,170/2,168/5,RCB,RCB won by 8 wkts (8b rem),2022-05-19T14:00Z,2022-05-20T23:59Z,58324,"Wankhede Stadium, Mumbai",Faf du Plessis,Hardik Pandya,Virat Kohli,"Royal Challengers Bangalore 2, Gujarat Titans 0",False,18.4,170,2,22,20,168,5,21,Kohli 73 keeps RCB in playoff contention. A blistering 18-ball 40 from Glenn Maxwell finished the job as RCB sealed an impressive win,"Virat Kohli,Faf du Plessis","Josh Hazlewood,Wanindu Hasaranga de Silva","Virat Kohli (UKN),Faf du Plessis (UKN),Glenn Maxwell (AR),Dinesh Karthik (WK),Rajat Patidar (UKN),Mahipal Lomror (AR),Shahbaz Ahmed (AR),Harshal Patel (BL),Wanindu Hasaranga de Silva (AR),Josh Hazlewood (BL),Siddarth Kaul (BL)","Wriddhiman Saha (WK),Shubman Gill (UKN),Matthew Wade (UKN),Hardik Pandya (AR),David Miller (UKN),Rahul Tewatia (AR),Rashid Khan (BL),Ravisrinivasan Sai Kishore (BL),Lockie Ferguson (BL),Yash Dayal (BL),Mohammed Shami (BL)","Hardik Pandya,David Miller","Rashid Khan,Mohammed Shami",19 May 2022 - night match (20-over match),KN Ananthapadmanabhan,Sadashiv Iyer,Navdeep Singh,Javagal Srinath,Tapan Sharma
2022,1304114,Rajasthan Royals v Chennai Super Kings,RR v CSK,"68th Match (N), Indian Premier League at Mumbai, May 20 2022",RR,CSK,CSK,BAT FIRST,150/6,151/5,151/5,150/6,RR,Royals won by 5 wkts (2b rem),2022-05-20T14:00Z,2022-05-21T23:59Z,58317,"Brabourne Stadium, Mumbai",Sanju Samson,MS Dhoni,Ravichandran Ashwin,"Rajasthan Royals 2, Chennai Super Kings 0",False,19.4,151,5,18,20,150,6,20,"All-round Ashwin carries Royals to top-two finish, Moeen's 93 off 57 in vain. Promoted at No. 5, Ashwin hit an unbeaten 40 off 23 balls to go with his bowling analysis of 4-0-28-1","Yashasvi Jaiswal,Ravichandran Ashwin","Obed McCoy,Yuzvendra Chahal","Yashasvi Jaiswal (UKN),Jos Buttler (UKN),Sanju Samson (WK),Devdutt Padikkal (UKN),Ravichandran Ashwin (AR),Shimron Hetmyer (UKN),Riyan Parag (UKN),Trent Boult (BL),Yuzvendra Chahal (BL),Prasidh Krishna (BL),Obed McCoy (BL)","Ruturaj Gaikwad (UKN),Devon Conway (UKN),Moeen Ali (AR),Narayan Jagadeesan (UKN),Ambati Rayudu (UKN),MS Dhoni (WK),Mitchell Santner (AR),Simarjeet Singh (BL),Mukesh Choudhary (BL),Prashant Solanki (BL),Matheesha Pathirana (BL)","Moeen Ali,MS Dhoni","Prashant Solanki,Mitchell Santner",20 May 2022 - night match (20-over match),Chris Gaffaney,Nikhil Patwardhan,Yeshwant Barde,Manu Nayyar,Pashchim Pathak
2022,1304115,Mumbai Indians v Delhi Capitals,MI v DC,"69th Match (N), Indian Premier League at Mumbai, May 21 2022",MI,DC,MI,BOWL FIRST,159/7,160/5,160/5,159/7,MI,Mumbai won by 5 wkts (5b rem),2022-05-21T14:00Z,2022-05-22T23:59Z,58324,"Wankhede Stadium, Mumbai",Rohit Sharma,Rishabh Pant,Jasprit Bumrah,"Mumbai Indians 2, Delhi Capitals 0",False,19.1,160,5,21,20,159,7,17,"RCB sneak into playoffs after Tim David, Jasprit Bumrah knock Delhi Capitals out. David would have been out for 0 had Pant opted to review a caught-behind decision. He went onto smash 34 off 11 balls","Ishan Kishan,Dewald Brevis","Jasprit Bumrah,Ramandeep Singh","Ishan Kishan (WK),Rohit Sharma (UKN),Dewald Brevis (AR),Tilak Varma (AR),Tim David (UKN),Ramandeep Singh (UKN),Daniel Sams (AR),Hrithik Shokeen (BL),Jasprit Bumrah (BL),Mayank Markande (BL),Riley Meredith (BL)","Prithvi Shaw (UKN),David Warner (UKN),Mitchell Marsh (AR),Rishabh Pant (WK),Sarfaraz Khan (UKN),Rovman Powell (UKN),Axar Patel (AR),Shardul Thakur (BL),Kuldeep Yadav (BL),Anrich Nortje (BL),Khaleel Ahmed (BL)","Rovman Powell,Rishabh Pant","Anrich Nortje,Shardul Thakur",21 May 2022 - night match (20-over match),Nitin Menon,Tapan Sharma,Saiyed Khalid,Javagal Srinath,Sadashiv Iyer
2022,1304116,Sunrisers Hyderabad v Punjab Kings,SRH v PBKS,"70th Match (N), Indian Premier League at Mumbai, May 22 2022",SRH,PBKS,SRH,BAT FIRST,157/8,160/5,157/8,160/5,PBKS,Punjab Kings won by 5 wkts (29b rem),2022-05-22T14:00Z,2022-05-23T23:59Z,58324,"Wankhede Stadium, Mumbai",Bhuvneshwar Kumar,Mayank Agarwal,Harpreet Brar,"Punjab Kings 2, Sunrisers Hyderabad 0",False,20,157,8,19,15.1,160,5,24,"Brar, Livingstone help Kings finish on a high. Sunrisers did well to recover from 99 for 6, but their total of 157 wasn't nearly enough","Abhishek Sharma,Romario Shepherd","Fazalhaq Farooqi,Washington Sundar","Priyam Garg (UKN),Abhishek Sharma (AR),Rahul Tripathi (UKN),Aiden Markram (UKN),Nicholas Pooran (WK),Washington Sundar (AR),Romario Shepherd (AR),Jagadeesha Suchith (BL),Bhuvneshwar Kumar (BL),Umran Malik (BL),Fazalhaq Farooqi (BL)","Jonny Bairstow (UKN),Shikhar Dhawan (UKN),M Shahrukh Khan (UKN),Mayank Agarwal (UKN),Liam Livingstone (AR),Jitesh Sharma (WK),Prerak Mankad (AR),Harpreet Brar (BL),Kagiso Rabada (BL),Nathan Ellis (BL),Arshdeep Singh (BL)","Liam Livingstone,Shikhar Dhawan","Harpreet Brar,Nathan Ellis",22 May 2022 - night match (20-over match),Anil Chaudhary,Nikhil Patwardhan,Chris Gaffaney,Javagal Srinath,Navdeep Singh
2022,1312197,Gujarat Titans v Rajasthan Royals,GT v RR,"Qualifier 1 (N), Indian Premier League at Kolkata, May 24 2022",GT,RR,GT,BOWL FIRST,188/6,191/3,191/3,188/6,GT,Titans won by 7 wkts (3b rem),2022-05-24T14:00Z,2022-05-25T23:59Z,57980,"Eden Gardens, Kolkata",Hardik Pandya,Sanju Samson,David Miller,None,False,19.3,191,3,25,20,188,6,26,Miller and Hardik muscle Titans into the IPL final. Jos Buttler's 89 off 56 in vain but Royals will have a second shot at the title in Qualifier 2,"David Miller,Hardik Pandya","Hardik Pandya,Mohammed Shami","Wriddhiman Saha (WK),Shubman Gill (UKN),Matthew Wade (UKN),Hardik Pandya (AR),David Miller (UKN),Rahul Tewatia (AR),Rashid Khan (BL),Ravisrinivasan Sai Kishore (BL),Alzarri Joseph (BL),Yash Dayal (BL),Mohammed Shami (BL)","Yashasvi Jaiswal (UKN),Jos Buttler (UKN),Sanju Samson (WK),Devdutt Padikkal (UKN),Shimron Hetmyer (UKN),Riyan Parag (UKN),Ravichandran Ashwin (AR),Trent Boult (BL),Yuzvendra Chahal (BL),Prasidh Krishna (BL),Obed McCoy (BL)","Jos Buttler,Sanju Samson","Trent Boult,Obed McCoy",24 May 2022 - night match (20-over match),Bruce Oxenford,Virender Sharma,Michael Gough,Manu Nayyar,Jayaraman Madanagopal
2022,1312198,Lucknow Super Giants v Royal Challengers Bangalore,LSG v RCB,"Eliminator (N), Indian Premier League at Kolkata, May 25 2022",LSG,RCB,LSG,BOWL FIRST,207/4,193/6,193/6,207/4,RCB,RCB won by 14 runs,2022-05-25T14:00Z,2022-05-26T23:59Z,57980,"Eden Gardens, Kolkata",KL Rahul,Faf du Plessis,Rajat Patidar,None,False,20,193,6,20,20,207,4,30,Sparkling Patidar 112 knocks LSG out. Harshal and Hazlewood ace it at the death even as well-set Rahul fails to find fluency chasing 208,"KL Rahul,Deepak Hooda","Mohsin Khan,Krunal Pandya","Quinton de Kock (WK),KL Rahul (UKN),Manan Vohra (UKN),Deepak Hooda (AR),Marcus Stoinis (AR),Evin Lewis (UKN),Krunal Pandya (AR),Dushmantha Chameera (BL),Mohsin Khan (BL),Avesh Khan (BL),Ravi Bishnoi (BL)","Virat Kohli (UKN),Faf du Plessis (UKN),Rajat Patidar (UKN),Glenn Maxwell (AR),Mahipal Lomror (AR),Dinesh Karthik (WK),Shahbaz Ahmed (AR),Harshal Patel (BL),Wanindu Hasaranga de Silva (AR),Josh Hazlewood (BL),Mohammed Siraj (BL)","Rajat Patidar,Dinesh Karthik","Josh Hazlewood,Harshal Patel",25 May 2022 - night match (20-over match),Michael Gough,Jayaraman Madanagopal,Bruce Oxenford,Manu Nayyar,Virender Sharma
2022,1312199,Rajasthan Royals v Royal Challengers Bangalore,RR v RCB,"Qualifier 2 (N), Indian Premier League at Ahmedabad, May 27 2022",RR,RCB,RR,BOWL FIRST,157/8,161/3,161/3,157/8,RR,Royals won by 7 wkts (11b rem),2022-05-27T14:00Z,2022-05-28T23:59Z,57851,"Narendra Modi Stadium, Motera, Ahmedabad",Sanju Samson,Faf du Plessis,Jos Buttler,None,False,18.1,161,3,22,20,157,8,16,"Buttler ton, Prasidh-McCoy show put Royals in IPL final. Royal Challengers Bangalore were restricted to 157 for 8 and then were beaten with 11 balls to spare","Jos Buttler,Sanju Samson","Prasidh Krishna,Obed McCoy","Yashasvi Jaiswal (UKN),Jos Buttler (UKN),Sanju Samson (WK),Devdutt Padikkal (UKN),Shimron Hetmyer (UKN),Riyan Parag (UKN),Ravichandran Ashwin (AR),Trent Boult (BL),Yuzvendra Chahal (BL),Prasidh Krishna (BL),Obed McCoy (BL)","Virat Kohli (UKN),Faf du Plessis (UKN),Rajat Patidar (UKN),Glenn Maxwell (AR),Mahipal Lomror (AR),Dinesh Karthik (WK),Shahbaz Ahmed (AR),Wanindu Hasaranga de Silva (AR),Harshal Patel (BL),Josh Hazlewood (BL),Mohammed Siraj (BL)","Rajat Patidar,Faf du Plessis","Josh Hazlewood,Wanindu Hasaranga de Silva",27 May 2022 - night match (20-over match),Chris Gaffaney,Nitin Menon,Anil Chaudhary,Javagal Srinath,KN Ananthapadmanabhan
2022,1312200,Gujarat Titans v Rajasthan Royals,GT v RR,"Final (N), Indian Premier League at Ahmedabad, May 29 2022",GT,RR,RR,BAT FIRST,130/9,133/3,133/3,130/9,GT,Titans won by 7 wkts (11b rem),2022-05-29T14:30Z,2022-05-30T23:59Z,57851,"Narendra Modi Stadium, Motera, Ahmedabad",Hardik Pandya,Sanju Samson,Hardik Pandya,None,False,18.1,133,3,14,20,130,9,15,All-round Hardik Pandya leads debutants Gujarat Titans to dream title. Captain takes three wickets and scores vital 34 as Titans make light work of Royals' 130,"Shubman Gill,Hardik Pandya","Hardik Pandya,Ravisrinivasan Sai Kishore","Wriddhiman Saha (WK),Shubman Gill (UKN),Matthew Wade (UKN),Hardik Pandya (AR),David Miller (UKN),Rahul Tewatia (AR),Rashid Khan (BL),Ravisrinivasan Sai Kishore (BL),Lockie Ferguson (BL),Yash Dayal (BL),Mohammed Shami (BL)","Yashasvi Jaiswal (UKN),Jos Buttler (UKN),Sanju Samson (WK),Devdutt Padikkal (UKN),Shimron Hetmyer (UKN),Ravichandran Ashwin (AR),Riyan Parag (UKN),Trent Boult (BL),Obed McCoy (BL),Prasidh Krishna (BL),Yuzvendra Chahal (BL)","Jos Buttler,Yashasvi Jaiswal","Trent Boult,Yuzvendra Chahal",29 May 2022 - night match (20-over match),Chris Gaffaney,Nitin Menon,KN Ananthapadmanabhan,Javagal Srinath,Anil Chaudhary
